treatment,id,game,period,choice,other.choice
D5R32,1,62,1,d,d
D5R32,1,63,1,d,d
D5R32,1,63,2,c,d
D5R32,1,63,3,d,c
D5R32,1,64,1,d,d
D5R32,1,64,2,c,d
D5R32,1,64,3,d,d
D5R32,1,64,4,d,d
D5R32,1,64,5,d,d
D5R32,1,64,6,d,d
D5R32,1,64,7,d,d
D5R32,1,64,8,d,d
D5R32,1,64,9,d,d
D5R32,1,65,1,d,d
D5R32,1,66,1,d,d
D5R32,1,66,2,c,d
D5R32,1,66,3,d,d
D5R32,1,66,4,d,d
D5R32,1,66,5,d,d
D5R32,1,67,1,d,d
D5R32,1,68,1,d,d
D5R32,1,69,1,d,d
D5R32,1,69,2,c,d
D5R32,1,69,3,d,d
D5R32,1,69,4,d,c
D5R32,2,62,1,d,d
D5R32,2,63,1,d,d
D5R32,2,63,2,d,d
D5R32,2,63,3,d,d
D5R32,2,64,1,d,d
D5R32,2,64,2,d,c
D5R32,2,64,3,d,d
D5R32,2,64,4,d,d
D5R32,2,64,5,d,d
D5R32,2,64,6,d,d
D5R32,2,64,7,d,d
D5R32,2,64,8,d,d
D5R32,2,64,9,d,d
D5R32,2,65,1,d,c
D5R32,2,66,1,d,d
D5R32,2,66,2,d,d
D5R32,2,66,3,d,d
D5R32,2,66,4,d,d
D5R32,2,66,5,d,d
D5R32,2,67,1,d,d
D5R32,2,68,1,d,d
D5R32,2,69,1,d,d
D5R32,2,69,2,d,d
D5R32,2,69,3,d,d
D5R32,2,69,4,d,d
D5R32,3,62,1,d,d
D5R32,3,63,1,d,d
D5R32,3,63,2,d,d
D5R32,3,63,3,d,d
D5R32,3,64,1,d,d
D5R32,3,64,2,d,d
D5R32,3,64,3,d,d
D5R32,3,64,4,d,d
D5R32,3,64,5,d,d
D5R32,3,64,6,d,d
D5R32,3,64,7,d,d
D5R32,3,64,8,d,d
D5R32,3,64,9,d,d
D5R32,3,65,1,d,d
D5R32,3,66,1,d,d
D5R32,3,66,2,d,d
D5R32,3,66,3,d,d
D5R32,3,66,4,d,d
D5R32,3,66,5,d,d
D5R32,3,67,1,d,d
D5R32,3,68,1,d,d
D5R32,3,69,1,d,d
D5R32,3,69,2,d,d
D5R32,3,69,3,d,d
D5R32,3,69,4,d,d
D5R32,4,62,1,d,c
D5R32,4,63,1,d,d
D5R32,4,63,2,d,d
D5R32,4,63,3,d,d
D5R32,4,64,1,d,d
D5R32,4,64,2,d,d
D5R32,4,64,3,d,d
D5R32,4,64,4,d,d
D5R32,4,64,5,d,d
D5R32,4,64,6,d,d
D5R32,4,64,7,d,d
D5R32,4,64,8,d,d
D5R32,4,64,9,d,d
D5R32,4,65,1,d,d
D5R32,4,66,1,d,d
D5R32,4,66,2,d,c
D5R32,4,66,3,c,d
D5R32,4,66,4,d,c
D5R32,4,66,5,c,c
D5R32,4,67,1,d,d
D5R32,4,68,1,d,d
D5R32,4,69,1,d,d
D5R32,4,69,2,d,c
D5R32,4,69,3,d,d
D5R32,4,69,4,c,d
D5R32,5,62,1,d,d
D5R32,5,63,1,d,c
D5R32,5,63,2,d,d
D5R32,5,63,3,d,d
D5R32,5,64,1,d,d
D5R32,5,64,2,d,d
D5R32,5,64,3,d,d
D5R32,5,64,4,d,d
D5R32,5,64,5,d,d
D5R32,5,64,6,d,d
D5R32,5,64,7,d,d
D5R32,5,64,8,d,d
D5R32,5,64,9,d,d
D5R32,5,65,1,d,d
D5R32,5,66,1,d,d
D5R32,5,66,2,d,c
D5R32,5,66,3,d,d
D5R32,5,66,4,d,d
D5R32,5,66,5,d,d
D5R32,5,67,1,d,c
D5R32,5,68,1,d,d
D5R32,5,69,1,d,d
D5R32,5,69,2,d,d
D5R32,5,69,3,d,d
D5R32,5,69,4,d,d
D5R32,6,62,1,d,d
D5R32,6,63,1,d,d
D5R32,6,63,2,c,d
D5R32,6,63,3,d,c
D5R32,6,64,1,d,d
D5R32,6,64,2,d,d
D5R32,6,64,3,c,d
D5R32,6,64,4,d,c
D5R32,6,64,5,c,d
D5R32,6,64,6,c,c
D5R32,6,64,7,c,c
D5R32,6,64,8,c,c
D5R32,6,64,9,c,c
D5R32,6,65,1,d,d
D5R32,6,66,1,d,d
D5R32,6,66,2,c,d
D5R32,6,66,3,d,c
D5R32,6,66,4,c,d
D5R32,6,66,5,c,c
D5R32,6,67,1,d,d
D5R32,6,68,1,d,d
D5R32,6,69,1,d,d
D5R32,6,69,2,c,d
D5R32,6,69,3,d,c
D5R32,6,69,4,c,d
D5R32,7,62,1,d,d
D5R32,7,63,1,d,d
D5R32,7,63,2,d,d
D5R32,7,63,3,d,d
D5R32,7,64,1,d,c
D5R32,7,64,2,d,d
D5R32,7,64,3,d,d
D5R32,7,64,4,d,d
D5R32,7,64,5,d,d
D5R32,7,64,6,d,d
D5R32,7,64,7,d,d
D5R32,7,64,8,d,d
D5R32,7,64,9,d,d
D5R32,7,65,1,d,d
D5R32,7,66,1,d,d
D5R32,7,66,2,d,d
D5R32,7,66,3,d,d
D5R32,7,66,4,d,d
D5R32,7,66,5,d,d
D5R32,7,67,1,d,d
D5R32,7,68,1,d,d
D5R32,7,69,1,d,d
D5R32,7,69,2,d,d
D5R32,7,69,3,d,d
D5R32,7,69,4,d,d
D5R32,8,62,1,d,d
D5R32,8,63,1,d,d
D5R32,8,63,2,d,c
D5R32,8,63,3,c,d
D5R32,8,64,1,d,d
D5R32,8,64,2,d,d
D5R32,8,64,3,d,d
D5R32,8,64,4,d,d
D5R32,8,64,5,d,d
D5R32,8,64,6,d,d
D5R32,8,64,7,d,d
D5R32,8,64,8,d,d
D5R32,8,64,9,d,d
D5R32,8,65,1,d,d
D5R32,8,66,1,d,c
D5R32,8,66,2,c,d
D5R32,8,66,3,d,c
D5R32,8,66,4,c,c
D5R32,8,66,5,c,c
D5R32,8,67,1,d,d
D5R32,8,68,1,d,c
D5R32,8,69,1,d,d
D5R32,8,69,2,d,d
D5R32,8,69,3,d,d
D5R32,8,69,4,d,d
D5R32,9,62,1,d,c
D5R32,9,63,1,d,d
D5R32,9,63,2,d,d
D5R32,9,63,3,d,d
D5R32,9,64,1,d,d
D5R32,9,64,2,d,d
D5R32,9,64,3,d,d
D5R32,9,64,4,d,d
D5R32,9,64,5,d,d
D5R32,9,64,6,d,d
D5R32,9,64,7,d,d
D5R32,9,64,8,d,d
D5R32,9,64,9,d,d
D5R32,9,65,1,d,d
D5R32,9,66,1,d,d
D5R32,9,66,2,d,d
D5R32,9,66,3,d,d
D5R32,9,66,4,d,d
D5R32,9,66,5,d,d
D5R32,9,67,1,d,c
D5R32,9,68,1,d,d
D5R32,9,69,1,d,c
D5R32,9,69,2,d,d
D5R32,9,69,3,d,d
D5R32,9,69,4,d,d
D5R32,10,62,1,d,d
D5R32,10,63,1,d,d
D5R32,10,63,2,d,d
D5R32,10,63,3,d,d
D5R32,10,64,1,d,c
D5R32,10,64,2,d,d
D5R32,10,64,3,d,d
D5R32,10,64,4,d,d
D5R32,10,64,5,d,d
D5R32,10,64,6,d,d
D5R32,10,64,7,d,d
D5R32,10,64,8,d,c
D5R32,10,64,9,d,c
D5R32,10,65,1,d,d
D5R32,10,66,1,d,d
D5R32,10,66,2,d,d
D5R32,10,66,3,d,d
D5R32,10,66,4,d,d
D5R32,10,66,5,d,d
D5R32,10,67,1,d,d
D5R32,10,68,1,d,d
D5R32,10,69,1,d,d
D5R32,10,69,2,d,d
D5R32,10,69,3,d,d
D5R32,10,69,4,d,d
D5R32,11,62,1,c,d
D5R32,11,63,1,c,d
D5R32,11,63,2,d,c
D5R32,11,63,3,c,c
D5R32,11,64,1,c,d
D5R32,11,64,2,d,d
D5R32,11,64,3,d,d
D5R32,11,64,4,d,d
D5R32,11,64,5,d,d
D5R32,11,64,6,d,d
D5R32,11,64,7,d,d
D5R32,11,64,8,d,d
D5R32,11,64,9,d,d
D5R32,11,65,1,c,d
D5R32,11,66,1,c,d
D5R32,11,66,2,d,c
D5R32,11,66,3,c,d
D5R32,11,66,4,c,c
D5R32,11,66,5,c,c
D5R32,11,67,1,d,d
D5R32,11,68,1,d,d
D5R32,11,69,1,d,d
D5R32,11,69,2,d,d
D5R32,11,69,3,c,d
D5R32,11,69,4,d,d
D5R32,12,62,1,d,d
D5R32,12,63,1,d,c
D5R32,12,63,2,c,d
D5R32,12,63,3,c,c
D5R32,12,64,1,c,d
D5R32,12,64,2,d,d
D5R32,12,64,3,d,d
D5R32,12,64,4,d,d
D5R32,12,64,5,d,d
D5R32,12,64,6,d,d
D5R32,12,64,7,d,d
D5R32,12,64,8,c,d
D5R32,12,64,9,c,d
D5R32,12,65,1,c,d
D5R32,12,66,1,d,d
D5R32,12,66,2,d,d
D5R32,12,66,3,d,d
D5R32,12,66,4,d,d
D5R32,12,66,5,d,d
D5R32,12,67,1,c,d
D5R32,12,68,1,c,d
D5R32,12,69,1,d,d
D5R32,12,69,2,d,d
D5R32,12,69,3,d,d
D5R32,12,69,4,d,d
D5R32,13,62,1,d,d
D5R32,13,63,1,d,d
D5R32,13,63,2,d,d
D5R32,13,63,3,d,d
D5R32,13,64,1,d,c
D5R32,13,64,2,d,d
D5R32,13,64,3,d,d
D5R32,13,64,4,d,d
D5R32,13,64,5,d,d
D5R32,13,64,6,d,d
D5R32,13,64,7,d,d
D5R32,13,64,8,d,d
D5R32,13,64,9,d,d
D5R32,13,65,1,d,d
D5R32,13,66,1,d,d
D5R32,13,66,2,d,d
D5R32,13,66,3,d,d
D5R32,13,66,4,d,d
D5R32,13,66,5,d,d
D5R32,13,67,1,d,d
D5R32,13,68,1,d,c
D5R32,13,69,1,d,d
D5R32,13,69,2,d,d
D5R32,13,69,3,d,d
D5R32,13,69,4,d,d
D5R32,14,62,1,c,d
D5R32,14,63,1,c,d
D5R32,14,63,2,d,d
D5R32,14,63,3,d,d
D5R32,14,64,1,c,d
D5R32,14,64,2,d,d
D5R32,14,64,3,d,d
D5R32,14,64,4,d,d
D5R32,14,64,5,d,d
D5R32,14,64,6,d,d
D5R32,14,64,7,d,d
D5R32,14,64,8,d,d
D5R32,14,64,9,d,d
D5R32,14,65,1,c,d
D5R32,14,66,1,c,d
D5R32,14,66,2,d,c
D5R32,14,66,3,c,d
D5R32,14,66,4,c,c
D5R32,14,66,5,c,c
D5R32,14,67,1,c,d
D5R32,14,68,1,c,d
D5R32,14,69,1,c,d
D5R32,14,69,2,d,d
D5R32,14,69,3,d,d
D5R32,14,69,4,d,d
D5R32,15,62,1,d,d
D5R32,15,63,1,d,d
D5R32,15,63,2,d,c
D5R32,15,63,3,c,d
D5R32,15,64,1,d,d
D5R32,15,64,2,d,d
D5R32,15,64,3,d,c
D5R32,15,64,4,c,d
D5R32,15,64,5,d,c
D5R32,15,64,6,c,c
D5R32,15,64,7,c,c
D5R32,15,64,8,c,c
D5R32,15,64,9,c,c
D5R32,15,65,1,d,c
D5R32,15,66,1,d,c
D5R32,15,66,2,c,d
D5R32,15,66,3,d,c
D5R32,15,66,4,c,c
D5R32,15,66,5,c,c
D5R32,15,67,1,d,d
D5R32,15,68,1,d,d
D5R32,15,69,1,d,d
D5R32,15,69,2,d,c
D5R32,15,69,3,c,d
D5R32,15,69,4,d,c
D5R32,16,62,1,d,d
D5R32,16,63,1,d,d
D5R32,16,63,2,d,d
D5R32,16,63,3,d,d
D5R32,16,64,1,d,d
D5R32,16,64,2,d,d
D5R32,16,64,3,d,d
D5R32,16,64,4,d,d
D5R32,16,64,5,d,d
D5R32,16,64,6,d,d
D5R32,16,64,7,d,d
D5R32,16,64,8,d,d
D5R32,16,64,9,d,d
D5R32,16,65,1,d,c
D5R32,16,66,1,d,d
D5R32,16,66,2,d,d
D5R32,16,66,3,d,d
D5R32,16,66,4,d,d
D5R32,16,66,5,d,d
D5R32,16,67,1,d,d
D5R32,16,68,1,d,d
D5R32,16,69,1,d,d
D5R32,16,69,2,d,d
D5R32,16,69,3,d,c
D5R32,16,69,4,d,d
D5R32,17,59,1,d,d
D5R32,17,59,2,d,d
D5R32,17,60,1,d,d
D5R32,17,61,1,d,d
D5R32,17,61,2,d,d
D5R32,17,62,1,d,d
D5R32,17,63,1,d,d
D5R32,17,64,1,d,d
D5R32,17,64,2,d,d
D5R32,17,64,3,d,d
D5R32,17,64,4,d,d
D5R32,17,64,5,d,d
D5R32,17,65,1,d,d
D5R32,17,66,1,d,d
D5R32,17,67,1,d,d
D5R32,17,67,2,d,d
D5R32,17,68,1,d,d
D5R32,17,69,1,d,d
D5R32,17,69,2,d,d
D5R32,17,70,1,d,d
D5R32,17,70,2,d,d
D5R32,17,70,3,d,d
D5R32,17,71,1,d,d
D5R32,17,71,2,d,d
D5R32,18,59,1,d,d
D5R32,18,59,2,d,d
D5R32,18,60,1,d,d
D5R32,18,61,1,d,d
D5R32,18,61,2,d,d
D5R32,18,62,1,d,d
D5R32,18,63,1,d,d
D5R32,18,64,1,d,d
D5R32,18,64,2,d,d
D5R32,18,64,3,d,d
D5R32,18,64,4,d,d
D5R32,18,64,5,d,d
D5R32,18,65,1,d,c
D5R32,18,66,1,d,d
D5R32,18,67,1,d,d
D5R32,18,67,2,d,d
D5R32,18,68,1,d,d
D5R32,18,69,1,d,d
D5R32,18,69,2,d,d
D5R32,18,70,1,d,d
D5R32,18,70,2,d,d
D5R32,18,70,3,d,d
D5R32,18,71,1,d,d
D5R32,18,71,2,d,d
D5R32,19,59,1,d,d
D5R32,19,59,2,d,d
D5R32,19,60,1,d,d
D5R32,19,61,1,d,d
D5R32,19,61,2,d,d
D5R32,19,62,1,d,d
D5R32,19,63,1,d,d
D5R32,19,64,1,d,d
D5R32,19,64,2,d,d
D5R32,19,64,3,d,d
D5R32,19,64,4,d,d
D5R32,19,64,5,d,d
D5R32,19,65,1,d,d
D5R32,19,66,1,d,d
D5R32,19,67,1,d,d
D5R32,19,67,2,d,d
D5R32,19,68,1,d,d
D5R32,19,69,1,d,d
D5R32,19,69,2,d,d
D5R32,19,70,1,d,d
D5R32,19,70,2,d,d
D5R32,19,70,3,d,d
D5R32,19,71,1,d,d
D5R32,19,71,2,d,d
D5R32,20,59,1,d,d
D5R32,20,59,2,d,d
D5R32,20,60,1,d,d
D5R32,20,61,1,d,d
D5R32,20,61,2,d,d
D5R32,20,62,1,d,d
D5R32,20,63,1,d,d
D5R32,20,64,1,d,d
D5R32,20,64,2,d,d
D5R32,20,64,3,d,d
D5R32,20,64,4,d,d
D5R32,20,64,5,d,d
D5R32,20,65,1,d,d
D5R32,20,66,1,d,d
D5R32,20,67,1,d,d
D5R32,20,67,2,d,d
D5R32,20,68,1,d,d
D5R32,20,69,1,d,d
D5R32,20,69,2,d,d
D5R32,20,70,1,d,d
D5R32,20,70,2,d,d
D5R32,20,70,3,d,d
D5R32,20,71,1,d,d
D5R32,20,71,2,d,d
D5R32,21,59,1,d,d
D5R32,21,59,2,d,d
D5R32,21,60,1,d,d
D5R32,21,61,1,d,d
D5R32,21,61,2,d,d
D5R32,21,62,1,d,d
D5R32,21,63,1,d,d
D5R32,21,64,1,d,d
D5R32,21,64,2,d,d
D5R32,21,64,3,d,d
D5R32,21,64,4,d,d
D5R32,21,64,5,d,d
D5R32,21,65,1,d,d
D5R32,21,66,1,d,d
D5R32,21,67,1,d,d
D5R32,21,67,2,d,d
D5R32,21,68,1,d,d
D5R32,21,69,1,d,d
D5R32,21,69,2,d,d
D5R32,21,70,1,d,d
D5R32,21,70,2,d,d
D5R32,21,70,3,d,d
D5R32,21,71,1,d,d
D5R32,21,71,2,d,d
D5R32,22,59,1,d,d
D5R32,22,59,2,d,d
D5R32,22,60,1,d,d
D5R32,22,61,1,d,d
D5R32,22,61,2,d,d
D5R32,22,62,1,d,d
D5R32,22,63,1,d,d
D5R32,22,64,1,d,d
D5R32,22,64,2,d,d
D5R32,22,64,3,d,d
D5R32,22,64,4,d,d
D5R32,22,64,5,d,d
D5R32,22,65,1,c,d
D5R32,22,66,1,d,d
D5R32,22,67,1,d,d
D5R32,22,67,2,d,d
D5R32,22,68,1,d,d
D5R32,22,69,1,d,d
D5R32,22,69,2,d,d
D5R32,22,70,1,d,d
D5R32,22,70,2,d,d
D5R32,22,70,3,d,d
D5R32,22,71,1,d,d
D5R32,22,71,2,d,d
D5R32,23,59,1,d,d
D5R32,23,59,2,d,d
D5R32,23,60,1,d,d
D5R32,23,61,1,d,d
D5R32,23,61,2,d,d
D5R32,23,62,1,d,d
D5R32,23,63,1,d,d
D5R32,23,64,1,d,d
D5R32,23,64,2,d,d
D5R32,23,64,3,d,d
D5R32,23,64,4,d,d
D5R32,23,64,5,d,d
D5R32,23,65,1,d,d
D5R32,23,66,1,d,d
D5R32,23,67,1,d,d
D5R32,23,67,2,d,d
D5R32,23,68,1,d,d
D5R32,23,69,1,d,d
D5R32,23,69,2,d,d
D5R32,23,70,1,d,d
D5R32,23,70,2,d,d
D5R32,23,70,3,d,d
D5R32,23,71,1,d,d
D5R32,23,71,2,d,d
D5R32,24,59,1,d,d
D5R32,24,59,2,d,d
D5R32,24,60,1,d,d
D5R32,24,61,1,d,d
D5R32,24,61,2,d,d
D5R32,24,62,1,d,d
D5R32,24,63,1,d,d
D5R32,24,64,1,d,d
D5R32,24,64,2,d,d
D5R32,24,64,3,d,d
D5R32,24,64,4,d,d
D5R32,24,64,5,d,d
D5R32,24,65,1,d,d
D5R32,24,66,1,d,d
D5R32,24,67,1,d,d
D5R32,24,67,2,d,d
D5R32,24,68,1,d,d
D5R32,24,69,1,d,d
D5R32,24,69,2,d,d
D5R32,24,70,1,d,d
D5R32,24,70,2,d,d
D5R32,24,70,3,d,d
D5R32,24,71,1,d,d
D5R32,24,71,2,d,d
D5R32,25,59,1,d,d
D5R32,25,59,2,d,d
D5R32,25,60,1,d,d
D5R32,25,61,1,d,c
D5R32,25,61,2,d,d
D5R32,25,62,1,d,d
D5R32,25,63,1,d,d
D5R32,25,64,1,d,d
D5R32,25,64,2,d,d
D5R32,25,64,3,d,d
D5R32,25,64,4,d,d
D5R32,25,64,5,d,d
D5R32,25,65,1,d,d
D5R32,25,66,1,d,d
D5R32,25,67,1,d,d
D5R32,25,67,2,d,d
D5R32,25,68,1,d,d
D5R32,25,69,1,d,d
D5R32,25,69,2,d,d
D5R32,25,70,1,d,d
D5R32,25,70,2,d,d
D5R32,25,70,3,d,d
D5R32,25,71,1,d,d
D5R32,25,71,2,d,d
D5R32,26,59,1,d,d
D5R32,26,59,2,d,d
D5R32,26,60,1,d,d
D5R32,26,61,1,d,d
D5R32,26,61,2,d,d
D5R32,26,62,1,d,d
D5R32,26,63,1,d,d
D5R32,26,64,1,d,d
D5R32,26,64,2,d,d
D5R32,26,64,3,d,d
D5R32,26,64,4,d,d
D5R32,26,64,5,d,d
D5R32,26,65,1,d,d
D5R32,26,66,1,d,d
D5R32,26,67,1,d,d
D5R32,26,67,2,d,d
D5R32,26,68,1,d,d
D5R32,26,69,1,d,d
D5R32,26,69,2,d,d
D5R32,26,70,1,d,d
D5R32,26,70,2,d,d
D5R32,26,70,3,d,d
D5R32,26,71,1,d,d
D5R32,26,71,2,d,d
D5R32,27,59,1,d,d
D5R32,27,59,2,d,d
D5R32,27,60,1,d,d
D5R32,27,61,1,c,d
D5R32,27,61,2,d,d
D5R32,27,62,1,d,d
D5R32,27,63,1,d,d
D5R32,27,64,1,d,d
D5R32,27,64,2,d,d
D5R32,27,64,3,d,d
D5R32,27,64,4,d,d
D5R32,27,64,5,d,d
D5R32,27,65,1,d,d
D5R32,27,66,1,d,d
D5R32,27,67,1,d,d
D5R32,27,67,2,d,d
D5R32,27,68,1,d,d
D5R32,27,69,1,d,d
D5R32,27,69,2,d,d
D5R32,27,70,1,d,d
D5R32,27,70,2,d,d
D5R32,27,70,3,d,d
D5R32,27,71,1,d,d
D5R32,27,71,2,d,d
D5R32,28,59,1,d,d
D5R32,28,59,2,d,d
D5R32,28,60,1,d,d
D5R32,28,61,1,d,d
D5R32,28,61,2,d,d
D5R32,28,62,1,d,d
D5R32,28,63,1,d,d
D5R32,28,64,1,d,d
D5R32,28,64,2,d,d
D5R32,28,64,3,d,d
D5R32,28,64,4,d,d
D5R32,28,64,5,d,d
D5R32,28,65,1,d,d
D5R32,28,66,1,d,d
D5R32,28,67,1,d,d
D5R32,28,67,2,d,d
D5R32,28,68,1,d,d
D5R32,28,69,1,d,d
D5R32,28,69,2,d,d
D5R32,28,70,1,d,d
D5R32,28,70,2,d,d
D5R32,28,70,3,d,d
D5R32,28,71,1,d,d
D5R32,28,71,2,d,d
D5R32,29,55,1,d,d
D5R32,29,56,1,d,d
D5R32,29,57,1,d,d
D5R32,29,57,2,d,d
D5R32,29,58,1,d,d
D5R32,29,58,2,d,d
D5R32,29,59,1,d,d
D5R32,29,59,2,d,d
D5R32,29,59,3,d,d
D5R32,30,55,1,d,d
D5R32,30,56,1,d,d
D5R32,30,57,1,d,d
D5R32,30,57,2,d,d
D5R32,30,58,1,d,d
D5R32,30,58,2,d,d
D5R32,30,59,1,d,d
D5R32,30,59,2,d,d
D5R32,30,59,3,d,d
D5R32,31,55,1,d,d
D5R32,31,56,1,d,d
D5R32,31,57,1,d,d
D5R32,31,57,2,d,d
D5R32,31,58,1,d,d
D5R32,31,58,2,d,d
D5R32,31,59,1,d,d
D5R32,31,59,2,d,d
D5R32,31,59,3,d,d
D5R32,32,55,1,d,d
D5R32,32,56,1,d,d
D5R32,32,57,1,d,d
D5R32,32,57,2,d,d
D5R32,32,58,1,d,d
D5R32,32,58,2,d,d
D5R32,32,59,1,d,d
D5R32,32,59,2,d,d
D5R32,32,59,3,d,d
D5R32,33,55,1,d,d
D5R32,33,56,1,d,d
D5R32,33,57,1,d,d
D5R32,33,57,2,d,d
D5R32,33,58,1,d,d
D5R32,33,58,2,d,d
D5R32,33,59,1,d,d
D5R32,33,59,2,d,d
D5R32,33,59,3,d,d
D5R32,34,55,1,d,d
D5R32,34,56,1,d,d
D5R32,34,57,1,d,d
D5R32,34,57,2,d,d
D5R32,34,58,1,d,d
D5R32,34,58,2,d,d
D5R32,34,59,1,d,d
D5R32,34,59,2,d,d
D5R32,34,59,3,d,d
D5R32,35,55,1,d,d
D5R32,35,56,1,c,d
D5R32,35,57,1,d,d
D5R32,35,57,2,d,d
D5R32,35,58,1,d,d
D5R32,35,58,2,d,d
D5R32,35,59,1,d,d
D5R32,35,59,2,d,d
D5R32,35,59,3,d,d
D5R32,36,55,1,d,d
D5R32,36,56,1,d,d
D5R32,36,57,1,d,d
D5R32,36,57,2,d,d
D5R32,36,58,1,d,d
D5R32,36,58,2,d,d
D5R32,36,59,1,d,d
D5R32,36,59,2,d,d
D5R32,36,59,3,d,d
D5R32,37,55,1,d,d
D5R32,37,56,1,d,d
D5R32,37,57,1,d,d
D5R32,37,57,2,d,d
D5R32,37,58,1,d,d
D5R32,37,58,2,d,d
D5R32,37,59,1,d,d
D5R32,37,59,2,d,d
D5R32,37,59,3,d,d
D5R32,38,55,1,d,d
D5R32,38,56,1,d,d
D5R32,38,57,1,d,d
D5R32,38,57,2,d,d
D5R32,38,58,1,d,d
D5R32,38,58,2,d,d
D5R32,38,59,1,d,d
D5R32,38,59,2,d,d
D5R32,38,59,3,d,d
D5R32,39,55,1,d,d
D5R32,39,56,1,d,c
D5R32,39,57,1,d,d
D5R32,39,57,2,d,d
D5R32,39,58,1,c,d
D5R32,39,58,2,d,d
D5R32,39,59,1,d,d
D5R32,39,59,2,d,d
D5R32,39,59,3,d,d
D5R32,40,55,1,d,d
D5R32,40,56,1,d,d
D5R32,40,57,1,c,d
D5R32,40,57,2,d,d
D5R32,40,58,1,d,d
D5R32,40,58,2,d,d
D5R32,40,59,1,d,d
D5R32,40,59,2,d,d
D5R32,40,59,3,d,d
D5R32,41,55,1,d,d
D5R32,41,56,1,d,d
D5R32,41,57,1,d,c
D5R32,41,57,2,d,d
D5R32,41,58,1,d,c
D5R32,41,58,2,d,d
D5R32,41,59,1,d,d
D5R32,41,59,2,d,d
D5R32,41,59,3,d,d
D5R32,42,55,1,d,d
D5R32,42,56,1,d,d
D5R32,42,57,1,d,d
D5R32,42,57,2,d,d
D5R32,42,58,1,d,d
D5R32,42,58,2,d,d
D5R32,42,59,1,d,d
D5R32,42,59,2,d,d
D5R32,42,59,3,d,d
D5R32,43,55,1,d,d
D5R32,43,56,1,d,d
D5R32,43,57,1,d,d
D5R32,43,57,2,d,d
D5R32,43,58,1,d,d
D5R32,43,58,2,d,d
D5R32,43,59,1,d,d
D5R32,43,59,2,d,d
D5R32,43,59,3,d,d
D5R32,44,55,1,d,d
D5R32,44,56,1,d,d
D5R32,44,57,1,d,d
D5R32,44,57,2,d,d
D5R32,44,58,1,d,d
D5R32,44,58,2,d,d
D5R32,44,59,1,d,d
D5R32,44,59,2,d,d
D5R32,44,59,3,d,d
D5R40,45,59,1,d,d
D5R40,45,59,2,c,d
D5R40,45,59,3,c,d
D5R40,45,60,1,d,d
D5R40,45,60,2,d,c
D5R40,45,60,3,c,d
D5R40,45,61,1,d,d
D5R40,45,61,2,c,d
D5R40,45,61,3,d,c
D5R40,45,62,1,c,d
D5R40,45,63,1,d,d
D5R40,45,63,2,d,d
D5R40,45,63,3,c,d
D5R40,45,63,4,d,c
D5R40,45,64,1,d,c
D5R40,45,65,1,d,d
D5R40,45,65,2,c,d
D5R40,45,66,1,d,d
D5R40,45,66,2,c,d
D5R40,45,66,3,d,c
D5R40,45,66,4,c,d
D5R40,45,66,5,d,c
D5R40,45,67,1,d,c
D5R40,45,67,2,c,d
D5R40,45,67,3,d,c
D5R40,45,68,1,c,d
D5R40,45,68,2,d,d
D5R40,45,69,1,d,c
D5R40,45,69,2,c,c
D5R40,45,69,3,d,c
D5R40,45,69,4,c,d
D5R40,45,70,1,d,d
D5R40,45,70,2,c,c
D5R40,45,71,1,c,d
D5R40,45,72,1,c,d
D5R40,45,72,2,c,d
D5R40,45,72,3,d,d
D5R40,46,59,1,d,d
D5R40,46,59,2,d,c
D5R40,46,59,3,d,c
D5R40,46,60,1,d,d
D5R40,46,60,2,d,c
D5R40,46,60,3,d,c
D5R40,46,61,1,d,d
D5R40,46,61,2,d,c
D5R40,46,61,3,d,c
D5R40,46,62,1,d,c
D5R40,46,63,1,d,d
D5R40,46,63,2,d,d
D5R40,46,63,3,d,d
D5R40,46,63,4,d,d
D5R40,46,64,1,d,d
D5R40,46,65,1,d,d
D5R40,46,65,2,d,d
D5R40,46,66,1,d,c
D5R40,46,66,2,d,d
D5R40,46,66,3,d,d
D5R40,46,66,4,d,d
D5R40,46,66,5,d,d
D5R40,46,67,1,d,c
D5R40,46,67,2,d,d
D5R40,46,67,3,d,d
D5R40,46,68,1,d,d
D5R40,46,68,2,d,d
D5R40,46,69,1,d,c
D5R40,46,69,2,d,d
D5R40,46,69,3,d,d
D5R40,46,69,4,d,d
D5R40,46,70,1,d,d
D5R40,46,70,2,d,d
D5R40,46,71,1,d,c
D5R40,46,72,1,d,d
D5R40,46,72,2,d,d
D5R40,46,72,3,d,c
D5R40,47,59,1,d,d
D5R40,47,59,2,c,d
D5R40,47,59,3,c,c
D5R40,47,60,1,d,d
D5R40,47,60,2,c,d
D5R40,47,60,3,c,d
D5R40,47,61,1,d,d
D5R40,47,61,2,c,d
D5R40,47,61,3,c,d
D5R40,47,62,1,d,d
D5R40,47,63,1,d,d
D5R40,47,63,2,c,d
D5R40,47,63,3,c,d
D5R40,47,63,4,d,d
D5R40,47,64,1,d,d
D5R40,47,65,1,d,c
D5R40,47,65,2,c,c
D5R40,47,66,1,d,d
D5R40,47,66,2,c,d
D5R40,47,66,3,c,d
D5R40,47,66,4,d,d
D5R40,47,66,5,d,d
D5R40,47,67,1,d,d
D5R40,47,67,2,c,d
D5R40,47,67,3,c,d
D5R40,47,68,1,d,d
D5R40,47,68,2,c,d
D5R40,47,69,1,d,c
D5R40,47,69,2,c,d
D5R40,47,69,3,c,c
D5R40,47,69,4,c,c
D5R40,47,70,1,d,c
D5R40,47,70,2,c,d
D5R40,47,71,1,d,c
D5R40,47,72,1,d,d
D5R40,47,72,2,c,d
D5R40,47,72,3,c,c
D5R40,48,59,1,d,d
D5R40,48,59,2,d,d
D5R40,48,59,3,d,d
D5R40,48,60,1,c,d
D5R40,48,60,2,d,c
D5R40,48,60,3,d,d
D5R40,48,61,1,c,d
D5R40,48,61,2,c,d
D5R40,48,61,3,d,d
D5R40,48,62,1,d,d
D5R40,48,63,1,d,c
D5R40,48,63,2,c,d
D5R40,48,63,3,d,c
D5R40,48,63,4,c,d
D5R40,48,64,1,c,d
D5R40,48,65,1,c,d
D5R40,48,65,2,c,c
D5R40,48,66,1,c,d
D5R40,48,66,2,d,d
D5R40,48,66,3,d,d
D5R40,48,66,4,d,d
D5R40,48,66,5,d,d
D5R40,48,67,1,c,d
D5R40,48,67,2,d,d
D5R40,48,67,3,d,d
D5R40,48,68,1,d,c
D5R40,48,68,2,c,d
D5R40,48,69,1,d,d
D5R40,48,69,2,d,d
D5R40,48,69,3,d,d
D5R40,48,69,4,d,d
D5R40,48,70,1,c,d
D5R40,48,70,2,d,c
D5R40,48,71,1,c,d
D5R40,48,72,1,d,c
D5R40,48,72,2,c,c
D5R40,48,72,3,c,c
D5R40,49,59,1,d,d
D5R40,49,59,2,d,d
D5R40,49,59,3,d,d
D5R40,49,60,1,d,d
D5R40,49,60,2,d,d
D5R40,49,60,3,d,d
D5R40,49,61,1,d,d
D5R40,49,61,2,d,c
D5R40,49,61,3,c,d
D5R40,49,62,1,d,d
D5R40,49,63,1,d,d
D5R40,49,63,2,d,d
D5R40,49,63,3,d,c
D5R40,49,63,4,c,d
D5R40,49,64,1,d,d
D5R40,49,65,1,d,d
D5R40,49,65,2,d,d
D5R40,49,66,1,d,d
D5R40,49,66,2,c,c
D5R40,49,66,3,c,c
D5R40,49,66,4,c,d
D5R40,49,66,5,c,c
D5R40,49,67,1,c,d
D5R40,49,67,2,d,c
D5R40,49,67,3,c,d
D5R40,49,68,1,c,d
D5R40,49,68,2,d,c
D5R40,49,69,1,c,d
D5R40,49,69,2,d,d
D5R40,49,69,3,d,d
D5R40,49,69,4,d,d
D5R40,49,70,1,c,d
D5R40,49,70,2,d,c
D5R40,49,71,1,c,d
D5R40,49,72,1,d,d
D5R40,49,72,2,d,d
D5R40,49,72,3,c,d
D5R40,50,59,1,d,c
D5R40,50,59,2,d,d
D5R40,50,59,3,d,d
D5R40,50,60,1,d,d
D5R40,50,60,2,d,d
D5R40,50,60,3,d,d
D5R40,50,61,1,d,d
D5R40,50,61,2,d,d
D5R40,50,61,3,d,d
D5R40,50,62,1,d,d
D5R40,50,63,1,d,d
D5R40,50,63,2,d,c
D5R40,50,63,3,d,c
D5R40,50,63,4,d,d
D5R40,50,64,1,d,d
D5R40,50,65,1,d,d
D5R40,50,65,2,d,d
D5R40,50,66,1,d,d
D5R40,50,66,2,d,d
D5R40,50,66,3,d,d
D5R40,50,66,4,d,d
D5R40,50,66,5,d,d
D5R40,50,67,1,d,d
D5R40,50,67,2,d,d
D5R40,50,67,3,d,d
D5R40,50,68,1,d,d
D5R40,50,68,2,d,d
D5R40,50,69,1,d,d
D5R40,50,69,2,d,d
D5R40,50,69,3,d,d
D5R40,50,69,4,d,d
D5R40,50,70,1,d,d
D5R40,50,70,2,d,d
D5R40,50,71,1,d,d
D5R40,50,72,1,d,d
D5R40,50,72,2,d,d
D5R40,50,72,3,d,c
D5R40,51,59,1,d,d
D5R40,51,59,2,d,d
D5R40,51,59,3,d,d
D5R40,51,60,1,d,d
D5R40,51,60,2,c,d
D5R40,51,60,3,d,c
D5R40,51,61,1,d,d
D5R40,51,61,2,d,d
D5R40,51,61,3,d,d
D5R40,51,62,1,c,d
D5R40,51,63,1,d,d
D5R40,51,63,2,d,d
D5R40,51,63,3,d,d
D5R40,51,63,4,d,d
D5R40,51,64,1,d,d
D5R40,51,65,1,d,d
D5R40,51,65,2,d,c
D5R40,51,66,1,d,d
D5R40,51,66,2,d,d
D5R40,51,66,3,d,d
D5R40,51,66,4,d,d
D5R40,51,66,5,d,d
D5R40,51,67,1,d,d
D5R40,51,67,2,d,d
D5R40,51,67,3,d,d
D5R40,51,68,1,d,c
D5R40,51,68,2,c,d
D5R40,51,69,1,c,d
D5R40,51,69,2,c,c
D5R40,51,69,3,c,d
D5R40,51,69,4,d,c
D5R40,51,70,1,d,c
D5R40,51,70,2,c,d
D5R40,51,71,1,d,c
D5R40,51,72,1,d,d
D5R40,51,72,2,d,d
D5R40,51,72,3,d,d
D5R40,52,59,1,c,d
D5R40,52,59,2,d,d
D5R40,52,59,3,d,d
D5R40,52,60,1,c,d
D5R40,52,60,2,d,d
D5R40,52,60,3,d,d
D5R40,52,61,1,d,d
D5R40,52,61,2,d,c
D5R40,52,61,3,c,d
D5R40,52,62,1,d,d
D5R40,52,63,1,c,d
D5R40,52,63,2,d,c
D5R40,52,63,3,c,d
D5R40,52,63,4,d,c
D5R40,52,64,1,c,d
D5R40,52,65,1,d,d
D5R40,52,65,2,c,d
D5R40,52,66,1,d,d
D5R40,52,66,2,c,c
D5R40,52,66,3,c,c
D5R40,52,66,4,d,c
D5R40,52,66,5,c,c
D5R40,52,67,1,c,d
D5R40,52,67,2,d,d
D5R40,52,67,3,d,d
D5R40,52,68,1,c,d
D5R40,52,68,2,d,c
D5R40,52,69,1,c,d
D5R40,52,69,2,d,c
D5R40,52,69,3,c,c
D5R40,52,69,4,c,c
D5R40,52,70,1,c,d
D5R40,52,70,2,d,d
D5R40,52,71,1,c,d
D5R40,52,72,1,d,d
D5R40,52,72,2,d,c
D5R40,52,72,3,c,c
D5R40,53,59,1,d,d
D5R40,53,59,2,d,d
D5R40,53,59,3,d,d
D5R40,53,60,1,d,d
D5R40,53,60,2,d,d
D5R40,53,60,3,d,d
D5R40,53,61,1,d,d
D5R40,53,61,2,d,d
D5R40,53,61,3,d,d
D5R40,53,62,1,d,d
D5R40,53,63,1,d,d
D5R40,53,63,2,d,d
D5R40,53,63,3,d,d
D5R40,53,63,4,d,d
D5R40,53,64,1,d,d
D5R40,53,65,1,d,d
D5R40,53,65,2,d,d
D5R40,53,66,1,d,d
D5R40,53,66,2,d,d
D5R40,53,66,3,d,d
D5R40,53,66,4,d,d
D5R40,53,66,5,d,d
D5R40,53,67,1,d,d
D5R40,53,67,2,d,d
D5R40,53,67,3,d,d
D5R40,53,68,1,d,d
D5R40,53,68,2,d,d
D5R40,53,69,1,d,d
D5R40,53,69,2,d,d
D5R40,53,69,3,d,d
D5R40,53,69,4,d,d
D5R40,53,70,1,d,d
D5R40,53,70,2,d,d
D5R40,53,71,1,d,d
D5R40,53,72,1,d,d
D5R40,53,72,2,d,d
D5R40,53,72,3,d,c
D5R40,54,59,1,d,d
D5R40,54,59,2,d,d
D5R40,54,59,3,d,c
D5R40,54,60,1,d,c
D5R40,54,60,2,c,d
D5R40,54,60,3,d,d
D5R40,54,61,1,d,d
D5R40,54,61,2,d,d
D5R40,54,61,3,d,d
D5R40,54,62,1,d,d
D5R40,54,63,1,d,d
D5R40,54,63,2,d,d
D5R40,54,63,3,d,d
D5R40,54,63,4,d,d
D5R40,54,64,1,d,d
D5R40,54,65,1,d,d
D5R40,54,65,2,d,d
D5R40,54,66,1,d,d
D5R40,54,66,2,d,c
D5R40,54,66,3,c,d
D5R40,54,66,4,d,c
D5R40,54,66,5,c,d
D5R40,54,67,1,d,c
D5R40,54,67,2,d,d
D5R40,54,67,3,d,d
D5R40,54,68,1,d,d
D5R40,54,68,2,d,d
D5R40,54,69,1,d,d
D5R40,54,69,2,d,d
D5R40,54,69,3,d,d
D5R40,54,69,4,d,d
D5R40,54,70,1,d,d
D5R40,54,70,2,c,c
D5R40,54,71,1,d,c
D5R40,54,72,1,d,d
D5R40,54,72,2,d,d
D5R40,54,72,3,c,d
D5R40,55,59,1,d,d
D5R40,55,59,2,d,d
D5R40,55,59,3,d,d
D5R40,55,60,1,d,d
D5R40,55,60,2,d,d
D5R40,55,60,3,d,d
D5R40,55,61,1,d,d
D5R40,55,61,2,c,d
D5R40,55,61,3,d,c
D5R40,55,62,1,d,c
D5R40,55,63,1,d,d
D5R40,55,63,2,d,d
D5R40,55,63,3,d,d
D5R40,55,63,4,d,d
D5R40,55,64,1,d,d
D5R40,55,65,1,d,d
D5R40,55,65,2,d,d
D5R40,55,66,1,d,d
D5R40,55,66,2,d,d
D5R40,55,66,3,d,d
D5R40,55,66,4,d,d
D5R40,55,66,5,d,d
D5R40,55,67,1,d,d
D5R40,55,67,2,d,c
D5R40,55,67,3,d,c
D5R40,55,68,1,d,c
D5R40,55,68,2,d,d
D5R40,55,69,1,d,d
D5R40,55,69,2,d,d
D5R40,55,69,3,d,d
D5R40,55,69,4,d,d
D5R40,55,70,1,d,d
D5R40,55,70,2,d,d
D5R40,55,71,1,d,c
D5R40,55,72,1,d,d
D5R40,55,72,2,d,d
D5R40,55,72,3,d,d
D5R40,56,59,1,d,d
D5R40,56,59,2,d,d
D5R40,56,59,3,d,d
D5R40,56,60,1,d,c
D5R40,56,60,2,d,d
D5R40,56,60,3,d,d
D5R40,56,61,1,d,c
D5R40,56,61,2,d,c
D5R40,56,61,3,d,d
D5R40,56,62,1,d,d
D5R40,56,63,1,d,d
D5R40,56,63,2,d,d
D5R40,56,63,3,d,d
D5R40,56,63,4,d,d
D5R40,56,64,1,d,c
D5R40,56,65,1,d,d
D5R40,56,65,2,d,d
D5R40,56,66,1,d,d
D5R40,56,66,2,d,d
D5R40,56,66,3,d,d
D5R40,56,66,4,d,d
D5R40,56,66,5,d,d
D5R40,56,67,1,d,d
D5R40,56,67,2,d,d
D5R40,56,67,3,d,d
D5R40,56,68,1,d,d
D5R40,56,68,2,d,d
D5R40,56,69,1,d,d
D5R40,56,69,2,d,d
D5R40,56,69,3,d,c
D5R40,56,69,4,d,c
D5R40,56,70,1,d,c
D5R40,56,70,2,d,d
D5R40,56,71,1,d,d
D5R40,56,72,1,d,c
D5R40,56,72,2,d,c
D5R40,56,72,3,d,d
D5R40,57,59,1,d,d
D5R40,57,59,2,d,d
D5R40,57,59,3,c,d
D5R40,57,60,1,d,d
D5R40,57,60,2,d,d
D5R40,57,60,3,d,d
D5R40,57,61,1,d,d
D5R40,57,61,2,d,d
D5R40,57,61,3,d,d
D5R40,57,62,1,d,d
D5R40,57,63,1,d,d
D5R40,57,63,2,d,d
D5R40,57,63,3,d,d
D5R40,57,63,4,d,d
D5R40,57,64,1,d,d
D5R40,57,65,1,d,d
D5R40,57,65,2,d,d
D5R40,57,66,1,d,d
D5R40,57,66,2,d,d
D5R40,57,66,3,d,d
D5R40,57,66,4,d,d
D5R40,57,66,5,d,d
D5R40,57,67,1,d,d
D5R40,57,67,2,d,d
D5R40,57,67,3,d,d
D5R40,57,68,1,d,d
D5R40,57,68,2,d,d
D5R40,57,69,1,d,d
D5R40,57,69,2,d,d
D5R40,57,69,3,d,d
D5R40,57,69,4,d,d
D5R40,57,70,1,d,c
D5R40,57,70,2,c,d
D5R40,57,71,1,d,d
D5R40,57,72,1,d,d
D5R40,57,72,2,d,d
D5R40,57,72,3,c,d
D5R40,58,59,1,d,d
D5R40,58,59,2,d,c
D5R40,58,59,3,c,c
D5R40,58,60,1,d,d
D5R40,58,60,2,d,d
D5R40,58,60,3,d,d
D5R40,58,61,1,d,d
D5R40,58,61,2,d,d
D5R40,58,61,3,d,d
D5R40,58,62,1,d,d
D5R40,58,63,1,d,d
D5R40,58,63,2,d,d
D5R40,58,63,3,d,d
D5R40,58,63,4,d,d
D5R40,58,64,1,d,d
D5R40,58,65,1,d,d
D5R40,58,65,2,d,c
D5R40,58,66,1,d,d
D5R40,58,66,2,d,c
D5R40,58,66,3,d,c
D5R40,58,66,4,d,d
D5R40,58,66,5,d,d
D5R40,58,67,1,d,d
D5R40,58,67,2,d,d
D5R40,58,67,3,d,d
D5R40,58,68,1,d,d
D5R40,58,68,2,d,c
D5R40,58,69,1,d,d
D5R40,58,69,2,d,d
D5R40,58,69,3,c,d
D5R40,58,69,4,c,d
D5R40,58,70,1,c,d
D5R40,58,70,2,d,c
D5R40,58,71,1,c,d
D5R40,58,72,1,c,d
D5R40,58,72,2,c,c
D5R40,58,72,3,c,c
D5R40,59,56,1,d,d
D5R40,59,56,2,d,d
D5R40,59,56,3,d,d
D5R40,59,56,4,d,d
D5R40,59,56,5,d,d
D5R40,59,57,1,d,c
D5R40,59,58,1,d,c
D5R40,59,59,1,d,c
D5R40,59,60,1,d,d
D5R40,59,60,2,d,d
D5R40,59,60,3,d,d
D5R40,59,61,1,d,d
D5R40,59,62,1,d,d
D5R40,59,63,1,d,d
D5R40,59,63,2,d,d
D5R40,59,64,1,d,d
D5R40,59,64,2,d,d
D5R40,59,64,3,d,d
D5R40,59,65,1,d,d
D5R40,59,66,1,d,c
D5R40,59,66,2,d,d
D5R40,59,67,1,d,c
D5R40,59,68,1,d,c
D5R40,59,68,2,d,d
D5R40,59,68,3,d,c
D5R40,59,69,1,d,c
D5R40,59,70,1,d,c
D5R40,59,70,2,d,d
D5R40,59,71,1,d,d
D5R40,59,71,2,d,d
D5R40,59,71,3,d,d
D5R40,60,56,1,c,c
D5R40,60,56,2,c,c
D5R40,60,56,3,c,c
D5R40,60,56,4,c,c
D5R40,60,56,5,d,c
D5R40,60,57,1,c,c
D5R40,60,58,1,c,d
D5R40,60,59,1,c,d
D5R40,60,60,1,d,d
D5R40,60,60,2,d,d
D5R40,60,60,3,d,d
D5R40,60,61,1,c,d
D5R40,60,62,1,d,c
D5R40,60,63,1,d,d
D5R40,60,63,2,d,d
D5R40,60,64,1,d,c
D5R40,60,64,2,c,d
D5R40,60,64,3,c,d
D5R40,60,65,1,d,d
D5R40,60,66,1,d,d
D5R40,60,66,2,d,d
D5R40,60,67,1,d,d
D5R40,60,68,1,d,c
D5R40,60,68,2,d,d
D5R40,60,68,3,d,d
D5R40,60,69,1,d,c
D5R40,60,70,1,d,d
D5R40,60,70,2,d,d
D5R40,60,71,1,d,d
D5R40,60,71,2,d,d
D5R40,60,71,3,d,d
D5R40,61,56,1,c,d
D5R40,61,56,2,c,d
D5R40,61,56,3,d,d
D5R40,61,56,4,d,d
D5R40,61,56,5,d,d
D5R40,61,57,1,c,d
D5R40,61,58,1,c,d
D5R40,61,59,1,c,c
D5R40,61,60,1,c,d
D5R40,61,60,2,c,c
D5R40,61,60,3,c,c
D5R40,61,61,1,c,d
D5R40,61,62,1,c,d
D5R40,61,63,1,c,d
D5R40,61,63,2,d,d
D5R40,61,64,1,c,d
D5R40,61,64,2,d,c
D5R40,61,64,3,c,c
D5R40,61,65,1,c,d
D5R40,61,66,1,c,d
D5R40,61,66,2,d,d
D5R40,61,67,1,c,d
D5R40,61,68,1,c,d
D5R40,61,68,2,d,d
D5R40,61,68,3,c,d
D5R40,61,69,1,c,d
D5R40,61,70,1,c,d
D5R40,61,70,2,d,d
D5R40,61,71,1,c,d
D5R40,61,71,2,d,d
D5R40,61,71,3,d,d
D5R40,62,56,1,c,d
D5R40,62,56,2,d,d
D5R40,62,56,3,d,d
D5R40,62,56,4,d,d
D5R40,62,56,5,d,d
D5R40,62,57,1,c,c
D5R40,62,58,1,c,d
D5R40,62,59,1,d,c
D5R40,62,60,1,d,c
D5R40,62,60,2,c,c
D5R40,62,60,3,c,c
D5R40,62,61,1,c,c
D5R40,62,62,1,c,d
D5R40,62,63,1,d,d
D5R40,62,63,2,d,d
D5R40,62,64,1,d,c
D5R40,62,64,2,c,d
D5R40,62,64,3,c,c
D5R40,62,65,1,d,d
D5R40,62,66,1,c,c
D5R40,62,66,2,c,c
D5R40,62,67,1,c,d
D5R40,62,68,1,d,d
D5R40,62,68,2,d,d
D5R40,62,68,3,d,d
D5R40,62,69,1,c,c
D5R40,62,70,1,c,d
D5R40,62,70,2,d,d
D5R40,62,71,1,d,c
D5R40,62,71,2,c,d
D5R40,62,71,3,d,d
D5R40,63,56,1,d,c
D5R40,63,56,2,d,d
D5R40,63,56,3,d,d
D5R40,63,56,4,d,d
D5R40,63,56,5,d,d
D5R40,63,57,1,d,d
D5R40,63,58,1,d,c
D5R40,63,59,1,d,d
D5R40,63,60,1,d,d
D5R40,63,60,2,d,d
D5R40,63,60,3,d,d
D5R40,63,61,1,d,c
D5R40,63,62,1,d,d
D5R40,63,63,1,d,d
D5R40,63,63,2,d,d
D5R40,63,64,1,d,c
D5R40,63,64,2,d,d
D5R40,63,64,3,d,d
D5R40,63,65,1,d,d
D5R40,63,66,1,d,d
D5R40,63,66,2,d,d
D5R40,63,67,1,d,d
D5R40,63,68,1,d,d
D5R40,63,68,2,d,d
D5R40,63,68,3,d,d
D5R40,63,69,1,d,d
D5R40,63,70,1,d,c
D5R40,63,70,2,d,d
D5R40,63,71,1,d,d
D5R40,63,71,2,d,d
D5R40,63,71,3,d,d
D5R40,64,56,1,c,c
D5R40,64,56,2,c,c
D5R40,64,56,3,c,c
D5R40,64,56,4,c,c
D5R40,64,56,5,c,d
D5R40,64,57,1,d,c
D5R40,64,58,1,d,d
D5R40,64,59,1,d,d
D5R40,64,60,1,c,c
D5R40,64,60,2,c,c
D5R40,64,60,3,d,c
D5R40,64,61,1,d,c
D5R40,64,62,1,d,d
D5R40,64,63,1,d,d
D5R40,64,63,2,d,d
D5R40,64,64,1,c,d
D5R40,64,64,2,d,d
D5R40,64,64,3,d,d
D5R40,64,65,1,d,d
D5R40,64,66,1,c,d
D5R40,64,66,2,d,d
D5R40,64,67,1,d,d
D5R40,64,68,1,c,d
D5R40,64,68,2,d,d
D5R40,64,68,3,d,d
D5R40,64,69,1,c,c
D5R40,64,70,1,d,c
D5R40,64,70,2,d,d
D5R40,64,71,1,d,c
D5R40,64,71,2,d,d
D5R40,64,71,3,d,d
D5R40,65,56,1,d,c
D5R40,65,56,2,d,d
D5R40,65,56,3,d,d
D5R40,65,56,4,d,d
D5R40,65,56,5,d,d
D5R40,65,57,1,c,d
D5R40,65,58,1,d,d
D5R40,65,59,1,d,d
D5R40,65,60,1,d,d
D5R40,65,60,2,d,d
D5R40,65,60,3,d,d
D5R40,65,61,1,d,d
D5R40,65,62,1,d,d
D5R40,65,63,1,d,d
D5R40,65,63,2,c,d
D5R40,65,64,1,d,d
D5R40,65,64,2,d,d
D5R40,65,64,3,d,d
D5R40,65,65,1,d,d
D5R40,65,66,1,d,d
D5R40,65,66,2,d,d
D5R40,65,67,1,d,d
D5R40,65,68,1,d,d
D5R40,65,68,2,c,d
D5R40,65,68,3,d,d
D5R40,65,69,1,c,c
D5R40,65,70,1,c,d
D5R40,65,70,2,d,d
D5R40,65,71,1,c,d
D5R40,65,71,2,d,d
D5R40,65,71,3,d,d
D5R40,66,56,1,d,c
D5R40,66,56,2,d,c
D5R40,66,56,3,d,d
D5R40,66,56,4,d,d
D5R40,66,56,5,d,d
D5R40,66,57,1,d,d
D5R40,66,58,1,d,d
D5R40,66,59,1,d,d
D5R40,66,60,1,d,d
D5R40,66,60,2,d,d
D5R40,66,60,3,d,d
D5R40,66,61,1,d,c
D5R40,66,62,1,d,d
D5R40,66,63,1,d,d
D5R40,66,63,2,d,d
D5R40,66,64,1,d,d
D5R40,66,64,2,d,d
D5R40,66,64,3,d,d
D5R40,66,65,1,d,d
D5R40,66,66,1,d,c
D5R40,66,66,2,d,d
D5R40,66,67,1,d,c
D5R40,66,68,1,d,d
D5R40,66,68,2,d,d
D5R40,66,68,3,d,d
D5R40,66,69,1,d,c
D5R40,66,70,1,d,d
D5R40,66,70,2,d,d
D5R40,66,71,1,d,d
D5R40,66,71,2,d,d
D5R40,66,71,3,d,d
D5R40,67,56,1,c,d
D5R40,67,56,2,d,d
D5R40,67,56,3,d,d
D5R40,67,56,4,d,d
D5R40,67,56,5,d,d
D5R40,67,57,1,d,d
D5R40,67,58,1,c,d
D5R40,67,59,1,c,d
D5R40,67,60,1,c,c
D5R40,67,60,2,c,c
D5R40,67,60,3,c,d
D5R40,67,61,1,c,c
D5R40,67,62,1,c,d
D5R40,67,63,1,c,d
D5R40,67,63,2,d,c
D5R40,67,64,1,c,d
D5R40,67,64,2,d,c
D5R40,67,64,3,d,c
D5R40,67,65,1,c,d
D5R40,67,66,1,c,d
D5R40,67,66,2,d,d
D5R40,67,67,1,c,d
D5R40,67,68,1,c,c
D5R40,67,68,2,c,d
D5R40,67,68,3,d,d
D5R40,67,69,1,c,d
D5R40,67,70,1,c,d
D5R40,67,70,2,d,d
D5R40,67,71,1,c,d
D5R40,67,71,2,d,c
D5R40,67,71,3,d,d
D5R40,68,56,1,d,d
D5R40,68,56,2,d,d
D5R40,68,56,3,d,d
D5R40,68,56,4,d,d
D5R40,68,56,5,d,d
D5R40,68,57,1,d,d
D5R40,68,58,1,d,d
D5R40,68,59,1,d,d
D5R40,68,60,1,d,d
D5R40,68,60,2,d,d
D5R40,68,60,3,d,d
D5R40,68,61,1,d,d
D5R40,68,62,1,d,d
D5R40,68,63,1,d,c
D5R40,68,63,2,d,d
D5R40,68,64,1,d,d
D5R40,68,64,2,d,d
D5R40,68,64,3,d,d
D5R40,68,65,1,d,d
D5R40,68,66,1,d,c
D5R40,68,66,2,d,d
D5R40,68,67,1,d,c
D5R40,68,68,1,d,c
D5R40,68,68,2,d,d
D5R40,68,68,3,d,c
D5R40,68,69,1,d,d
D5R40,68,70,1,d,d
D5R40,68,70,2,d,d
D5R40,68,71,1,d,d
D5R40,68,71,2,d,d
D5R40,68,71,3,d,d
D5R40,69,56,1,d,d
D5R40,69,56,2,d,d
D5R40,69,56,3,d,d
D5R40,69,56,4,d,d
D5R40,69,56,5,d,d
D5R40,69,57,1,d,c
D5R40,69,58,1,d,d
D5R40,69,59,1,d,d
D5R40,69,60,1,d,c
D5R40,69,60,2,d,d
D5R40,69,60,3,d,d
D5R40,69,61,1,d,d
D5R40,69,62,1,d,d
D5R40,69,63,1,d,d
D5R40,69,63,2,d,d
D5R40,69,64,1,d,d
D5R40,69,64,2,d,d
D5R40,69,64,3,d,d
D5R40,69,65,1,d,d
D5R40,69,66,1,d,d
D5R40,69,66,2,d,d
D5R40,69,67,1,d,c
D5R40,69,68,1,c,c
D5R40,69,68,2,d,c
D5R40,69,68,3,d,d
D5R40,69,69,1,d,d
D5R40,69,70,1,d,c
D5R40,69,70,2,d,d
D5R40,69,71,1,d,c
D5R40,69,71,2,d,d
D5R40,69,71,3,d,d
D5R40,70,56,1,d,d
D5R40,70,56,2,d,d
D5R40,70,56,3,d,d
D5R40,70,56,4,d,d
D5R40,70,56,5,d,d
D5R40,70,57,1,d,d
D5R40,70,58,1,d,c
D5R40,70,59,1,d,d
D5R40,70,60,1,d,d
D5R40,70,60,2,d,d
D5R40,70,60,3,d,d
D5R40,70,61,1,d,d
D5R40,70,62,1,d,d
D5R40,70,63,1,d,d
D5R40,70,63,2,d,d
D5R40,70,64,1,d,d
D5R40,70,64,2,d,d
D5R40,70,64,3,d,d
D5R40,70,65,1,d,d
D5R40,70,66,1,d,d
D5R40,70,66,2,d,d
D5R40,70,67,1,d,d
D5R40,70,68,1,d,d
D5R40,70,68,2,d,d
D5R40,70,68,3,d,d
D5R40,70,69,1,d,d
D5R40,70,70,1,d,d
D5R40,70,70,2,d,d
D5R40,70,71,1,d,d
D5R40,70,71,2,d,d
D5R40,70,71,3,d,d
D5R40,71,56,1,d,d
D5R40,71,56,2,d,d
D5R40,71,56,3,d,d
D5R40,71,56,4,d,d
D5R40,71,56,5,d,d
D5R40,71,57,1,d,d
D5R40,71,58,1,d,d
D5R40,71,59,1,d,d
D5R40,71,60,1,d,d
D5R40,71,60,2,d,d
D5R40,71,60,3,d,d
D5R40,71,61,1,d,d
D5R40,71,62,1,d,c
D5R40,71,63,1,d,d
D5R40,71,63,2,d,c
D5R40,71,64,1,d,d
D5R40,71,64,2,d,d
D5R40,71,64,3,d,d
D5R40,71,65,1,d,c
D5R40,71,66,1,d,d
D5R40,71,66,2,d,d
D5R40,71,67,1,d,c
D5R40,71,68,1,d,d
D5R40,71,68,2,d,c
D5R40,71,68,3,d,d
D5R40,71,69,1,d,d
D5R40,71,70,1,d,c
D5R40,71,70,2,d,d
D5R40,71,71,1,d,d
D5R40,71,71,2,d,d
D5R40,71,71,3,d,d
D5R40,72,56,1,d,c
D5R40,72,56,2,c,d
D5R40,72,56,3,d,d
D5R40,72,56,4,d,d
D5R40,72,56,5,d,d
D5R40,72,57,1,d,d
D5R40,72,58,1,d,c
D5R40,72,59,1,d,d
D5R40,72,60,1,d,d
D5R40,72,60,2,d,d
D5R40,72,60,3,d,d
D5R40,72,61,1,d,d
D5R40,72,62,1,d,c
D5R40,72,63,1,d,c
D5R40,72,63,2,c,d
D5R40,72,64,1,d,d
D5R40,72,64,2,d,d
D5R40,72,64,3,d,d
D5R40,72,65,1,d,c
D5R40,72,66,1,d,d
D5R40,72,66,2,d,d
D5R40,72,67,1,d,d
D5R40,72,68,1,d,d
D5R40,72,68,2,d,d
D5R40,72,68,3,d,d
D5R40,72,69,1,d,d
D5R40,72,70,1,d,d
D5R40,72,70,2,d,d
D5R40,72,71,1,d,c
D5R40,72,71,2,c,d
D5R40,72,71,3,d,d
D5R40,73,56,1,d,d
D5R40,73,56,2,d,d
D5R40,73,56,3,d,d
D5R40,73,56,4,d,d
D5R40,73,56,5,d,d
D5R40,73,57,1,d,d
D5R40,73,58,1,d,c
D5R40,73,59,1,d,d
D5R40,73,60,1,d,d
D5R40,73,60,2,d,d
D5R40,73,60,3,d,d
D5R40,73,61,1,d,d
D5R40,73,62,1,d,c
D5R40,73,63,1,d,c
D5R40,73,63,2,d,d
D5R40,73,64,1,d,c
D5R40,73,64,2,d,d
D5R40,73,64,3,d,d
D5R40,73,65,1,d,d
D5R40,73,66,1,c,c
D5R40,73,66,2,c,c
D5R40,73,67,1,c,d
D5R40,73,68,1,d,d
D5R40,73,68,2,d,d
D5R40,73,68,3,d,d
D5R40,73,69,1,c,d
D5R40,73,70,1,d,d
D5R40,73,70,2,d,d
D5R40,73,71,1,d,d
D5R40,73,71,2,d,d
D5R40,73,71,3,d,d
D5R40,74,56,1,c,d
D5R40,74,56,2,d,c
D5R40,74,56,3,d,d
D5R40,74,56,4,d,d
D5R40,74,56,5,d,d
D5R40,74,57,1,c,d
D5R40,74,58,1,c,d
D5R40,74,59,1,c,c
D5R40,74,60,1,c,d
D5R40,74,60,2,d,d
D5R40,74,60,3,d,d
D5R40,74,61,1,c,d
D5R40,74,62,1,c,d
D5R40,74,63,1,c,d
D5R40,74,63,2,d,d
D5R40,74,64,1,c,d
D5R40,74,64,2,d,d
D5R40,74,64,3,d,d
D5R40,74,65,1,d,d
D5R40,74,66,1,d,d
D5R40,74,66,2,d,d
D5R40,74,67,1,c,d
D5R40,74,68,1,c,d
D5R40,74,68,2,d,d
D5R40,74,68,3,c,d
D5R40,74,69,1,c,c
D5R40,74,70,1,c,d
D5R40,74,70,2,d,d
D5R40,74,71,1,c,d
D5R40,74,71,2,d,c
D5R40,74,71,3,d,d
D5R40,75,65,1,d,d
D5R40,75,66,1,d,d
D5R40,75,67,1,d,d
D5R40,75,68,1,d,d
D5R40,75,69,1,d,c
D5R40,75,70,1,d,c
D5R40,75,71,1,d,d
D5R40,75,71,2,d,d
D5R40,75,72,1,d,d
D5R40,75,72,2,d,d
D5R40,75,72,3,d,d
D5R40,76,65,1,d,c
D5R40,76,66,1,d,d
D5R40,76,67,1,c,d
D5R40,76,68,1,c,c
D5R40,76,69,1,c,d
D5R40,76,70,1,c,d
D5R40,76,71,1,d,d
D5R40,76,71,2,c,d
D5R40,76,72,1,c,d
D5R40,76,72,2,c,d
D5R40,76,72,3,d,d
D5R40,77,65,1,c,d
D5R40,77,66,1,d,d
D5R40,77,67,1,d,c
D5R40,77,68,1,d,d
D5R40,77,69,1,d,c
D5R40,77,70,1,d,d
D5R40,77,71,1,d,d
D5R40,77,71,2,d,d
D5R40,77,72,1,d,d
D5R40,77,72,2,d,d
D5R40,77,72,3,d,c
D5R40,78,65,1,c,d
D5R40,78,66,1,d,c
D5R40,78,67,1,d,d
D5R40,78,68,1,c,d
D5R40,78,69,1,d,d
D5R40,78,70,1,d,d
D5R40,78,71,1,d,d
D5R40,78,71,2,d,d
D5R40,78,72,1,d,d
D5R40,78,72,2,d,d
D5R40,78,72,3,d,d
D5R40,79,65,1,c,d
D5R40,79,66,1,c,d
D5R40,79,67,1,c,d
D5R40,79,68,1,d,d
D5R40,79,69,1,d,d
D5R40,79,70,1,c,d
D5R40,79,71,1,c,d
D5R40,79,71,2,c,d
D5R40,79,72,1,d,c
D5R40,79,72,2,c,c
D5R40,79,72,3,c,c
D5R40,80,65,1,d,d
D5R40,80,66,1,d,d
D5R40,80,67,1,d,d
D5R40,80,68,1,d,d
D5R40,80,69,1,d,d
D5R40,80,70,1,d,d
D5R40,80,71,1,d,c
D5R40,80,71,2,c,c
D5R40,80,72,1,d,c
D5R40,80,72,2,c,c
D5R40,80,72,3,c,c
D5R40,81,65,1,d,d
D5R40,81,66,1,d,d
D5R40,81,67,1,d,d
D5R40,81,68,1,d,d
D5R40,81,69,1,d,d
D5R40,81,70,1,d,d
D5R40,81,71,1,d,d
D5R40,81,71,2,d,c
D5R40,81,72,1,d,d
D5R40,81,72,2,d,d
D5R40,81,72,3,d,d
D5R40,82,65,1,d,d
D5R40,82,66,1,d,d
D5R40,82,67,1,d,d
D5R40,82,68,1,d,d
D5R40,82,69,1,d,d
D5R40,82,70,1,d,d
D5R40,82,71,1,d,d
D5R40,82,71,2,c,d
D5R40,82,72,1,d,d
D5R40,82,72,2,d,d
D5R40,82,72,3,c,d
D5R40,83,65,1,d,c
D5R40,83,66,1,d,c
D5R40,83,67,1,d,d
D5R40,83,68,1,d,d
D5R40,83,69,1,d,d
D5R40,83,70,1,d,d
D5R40,83,71,1,c,d
D5R40,83,71,2,c,c
D5R40,83,72,1,d,d
D5R40,83,72,2,c,d
D5R40,83,72,3,d,c
D5R40,84,65,1,c,d
D5R40,84,66,1,d,d
D5R40,84,67,1,d,c
D5R40,84,68,1,d,d
D5R40,84,69,1,d,d
D5R40,84,70,1,d,d
D5R40,84,71,1,d,d
D5R40,84,71,2,d,d
D5R40,84,72,1,d,d
D5R40,84,72,2,d,d
D5R40,84,72,3,d,d
D5R40,85,65,1,c,c
D5R40,85,66,1,c,d
D5R40,85,67,1,d,d
D5R40,85,68,1,d,d
D5R40,85,69,1,d,d
D5R40,85,70,1,d,c
D5R40,85,71,1,d,d
D5R40,85,71,2,c,d
D5R40,85,72,1,c,d
D5R40,85,72,2,c,c
D5R40,85,72,3,c,c
D5R40,86,65,1,d,c
D5R40,86,66,1,d,d
D5R40,86,67,1,d,d
D5R40,86,68,1,d,d
D5R40,86,69,1,d,d
D5R40,86,70,1,d,d
D5R40,86,71,1,d,d
D5R40,86,71,2,d,d
D5R40,86,72,1,d,d
D5R40,86,72,2,d,d
D5R40,86,72,3,d,d
D5R40,87,65,1,c,d
D5R40,87,66,1,c,d
D5R40,87,67,1,c,d
D5R40,87,68,1,c,c
D5R40,87,69,1,c,d
D5R40,87,70,1,c,d
D5R40,87,71,1,c,d
D5R40,87,71,2,c,d
D5R40,87,72,1,c,d
D5R40,87,72,2,c,c
D5R40,87,72,3,c,c
D5R40,88,65,1,d,c
D5R40,88,66,1,d,d
D5R40,88,67,1,d,c
D5R40,88,68,1,d,d
D5R40,88,69,1,d,c
D5R40,88,70,1,d,d
D5R40,88,71,1,d,d
D5R40,88,71,2,d,d
D5R40,88,72,1,d,d
D5R40,88,72,2,d,d
D5R40,88,72,3,d,d
D5R40,89,65,1,d,d
D5R40,89,66,1,d,c
D5R40,89,67,1,d,d
D5R40,89,68,1,d,d
D5R40,89,69,1,d,d
D5R40,89,70,1,d,d
D5R40,89,71,1,d,d
D5R40,89,71,2,d,d
D5R40,89,72,1,d,d
D5R40,89,72,2,d,d
D5R40,89,72,3,d,d
D5R40,90,65,1,d,d
D5R40,90,66,1,d,d
D5R40,90,67,1,d,c
D5R40,90,68,1,d,c
D5R40,90,69,1,d,d
D5R40,90,70,1,d,d
D5R40,90,71,1,d,c
D5R40,90,71,2,d,c
D5R40,90,72,1,d,d
D5R40,90,72,2,d,d
D5R40,90,72,3,d,d
D5R40,91,65,1,d,d
D5R40,91,66,1,d,d
D5R40,91,67,1,d,d
D5R40,91,68,1,d,d
D5R40,91,69,1,d,d
D5R40,91,70,1,d,d
D5R40,91,71,1,d,d
D5R40,91,71,2,d,c
D5R40,91,72,1,d,d
D5R40,91,72,2,d,d
D5R40,91,72,3,d,d
D5R40,92,65,1,d,c
D5R40,92,66,1,d,c
D5R40,92,67,1,d,d
D5R40,92,68,1,d,d
D5R40,92,69,1,c,d
D5R40,92,70,1,d,c
D5R40,92,71,1,d,d
D5R40,92,71,2,d,d
D5R40,92,72,1,d,d
D5R40,92,72,2,d,c
D5R40,92,72,3,c,d
D5R40,93,65,1,d,d
D5R40,93,66,1,d,d
D5R40,93,67,1,d,d
D5R40,93,68,1,d,d
D5R40,93,69,1,d,d
D5R40,93,70,1,d,d
D5R40,93,71,1,d,c
D5R40,93,71,2,d,c
D5R40,93,72,1,d,c
D5R40,93,72,2,d,c
D5R40,93,72,3,d,d
D5R40,94,65,1,c,c
D5R40,94,66,1,c,d
D5R40,94,67,1,c,d
D5R40,94,68,1,d,d
D5R40,94,69,1,d,d
D5R40,94,70,1,d,d
D5R40,94,71,1,d,d
D5R40,94,71,2,d,c
D5R40,94,72,1,d,d
D5R40,94,72,2,d,d
D5R40,94,72,3,d,d
D5R48,95,57,1,c,c
D5R48,95,57,2,c,c
D5R48,95,57,3,c,c
D5R48,95,57,4,c,c
D5R48,95,58,1,c,c
D5R48,95,58,2,c,c
D5R48,95,58,3,c,c
D5R48,95,59,1,c,d
D5R48,95,60,1,c,d
D5R48,95,61,1,c,c
D5R48,95,62,1,c,c
D5R48,95,63,1,c,d
D5R48,95,63,2,d,d
D5R48,95,63,3,d,d
D5R48,95,63,4,d,d
D5R48,95,63,5,d,d
D5R48,95,63,6,d,d
D5R48,95,64,1,c,c
D5R48,95,64,2,c,c
D5R48,95,65,1,c,d
D5R48,95,65,2,d,d
D5R48,95,66,1,c,d
D5R48,95,66,2,d,d
D5R48,95,67,1,c,d
D5R48,95,68,1,c,d
D5R48,95,68,2,d,d
D5R48,95,68,3,d,d
D5R48,95,69,1,c,c
D5R48,95,69,2,c,c
D5R48,95,70,1,c,c
D5R48,95,71,1,c,d
D5R48,95,72,1,d,d
D5R48,96,57,1,d,c
D5R48,96,57,2,d,d
D5R48,96,57,3,d,d
D5R48,96,57,4,d,d
D5R48,96,58,1,d,c
D5R48,96,58,2,d,d
D5R48,96,58,3,d,d
D5R48,96,59,1,d,c
D5R48,96,60,1,d,d
D5R48,96,61,1,d,c
D5R48,96,62,1,d,c
D5R48,96,63,1,d,d
D5R48,96,63,2,d,d
D5R48,96,63,3,d,d
D5R48,96,63,4,d,d
D5R48,96,63,5,d,d
D5R48,96,63,6,d,d
D5R48,96,64,1,d,c
D5R48,96,64,2,d,d
D5R48,96,65,1,d,c
D5R48,96,65,2,d,c
D5R48,96,66,1,d,c
D5R48,96,66,2,d,c
D5R48,96,67,1,d,c
D5R48,96,68,1,d,c
D5R48,96,68,2,d,d
D5R48,96,68,3,d,d
D5R48,96,69,1,d,d
D5R48,96,69,2,d,d
D5R48,96,70,1,d,d
D5R48,96,71,1,d,d
D5R48,96,72,1,d,c
D5R48,97,57,1,c,c
D5R48,97,57,2,c,c
D5R48,97,57,3,c,c
D5R48,97,57,4,c,c
D5R48,97,58,1,c,d
D5R48,97,58,2,d,d
D5R48,97,58,3,d,d
D5R48,97,59,1,d,d
D5R48,97,60,1,d,c
D5R48,97,61,1,d,d
D5R48,97,62,1,c,c
D5R48,97,63,1,c,d
D5R48,97,63,2,d,c
D5R48,97,63,3,d,c
D5R48,97,63,4,d,d
D5R48,97,63,5,d,d
D5R48,97,63,6,d,d
D5R48,97,64,1,d,d
D5R48,97,64,2,d,d
D5R48,97,65,1,d,d
D5R48,97,65,2,d,d
D5R48,97,66,1,c,d
D5R48,97,66,2,c,d
D5R48,97,67,1,d,c
D5R48,97,68,1,d,c
D5R48,97,68,2,d,c
D5R48,97,68,3,d,c
D5R48,97,69,1,d,d
D5R48,97,69,2,d,d
D5R48,97,70,1,d,c
D5R48,97,71,1,d,c
D5R48,97,72,1,d,c
D5R48,98,57,1,d,d
D5R48,98,57,2,d,d
D5R48,98,57,3,d,d
D5R48,98,57,4,d,d
D5R48,98,58,1,d,c
D5R48,98,58,2,d,d
D5R48,98,58,3,d,d
D5R48,98,59,1,d,d
D5R48,98,60,1,d,d
D5R48,98,61,1,d,c
D5R48,98,62,1,d,c
D5R48,98,63,1,d,c
D5R48,98,63,2,d,d
D5R48,98,63,3,d,d
D5R48,98,63,4,d,d
D5R48,98,63,5,d,d
D5R48,98,63,6,d,d
D5R48,98,64,1,d,c
D5R48,98,64,2,d,d
D5R48,98,65,1,d,c
D5R48,98,65,2,d,d
D5R48,98,66,1,d,c
D5R48,98,66,2,d,d
D5R48,98,67,1,d,d
D5R48,98,68,1,d,c
D5R48,98,68,2,d,d
D5R48,98,68,3,d,d
D5R48,98,69,1,d,c
D5R48,98,69,2,d,d
D5R48,98,70,1,d,d
D5R48,98,71,1,d,c
D5R48,98,72,1,d,d
D5R48,99,57,1,d,d
D5R48,99,57,2,d,d
D5R48,99,57,3,d,d
D5R48,99,57,4,d,d
D5R48,99,58,1,d,c
D5R48,99,58,2,d,d
D5R48,99,58,3,d,d
D5R48,99,59,1,d,d
D5R48,99,60,1,d,d
D5R48,99,61,1,d,c
D5R48,99,62,1,d,d
D5R48,99,63,1,d,c
D5R48,99,63,2,d,d
D5R48,99,63,3,d,d
D5R48,99,63,4,d,d
D5R48,99,63,5,d,d
D5R48,99,63,6,d,d
D5R48,99,64,1,d,d
D5R48,99,64,2,d,d
D5R48,99,65,1,d,c
D5R48,99,65,2,d,d
D5R48,99,66,1,d,c
D5R48,99,66,2,d,d
D5R48,99,67,1,d,c
D5R48,99,68,1,d,c
D5R48,99,68,2,d,d
D5R48,99,68,3,d,d
D5R48,99,69,1,d,c
D5R48,99,69,2,d,d
D5R48,99,70,1,d,d
D5R48,99,71,1,d,d
D5R48,99,72,1,d,d
D5R48,100,57,1,c,c
D5R48,100,57,2,c,c
D5R48,100,57,3,c,c
D5R48,100,57,4,c,c
D5R48,100,58,1,c,c
D5R48,100,58,2,c,c
D5R48,100,58,3,c,c
D5R48,100,59,1,c,d
D5R48,100,60,1,c,c
D5R48,100,61,1,c,c
D5R48,100,62,1,c,d
D5R48,100,63,1,c,c
D5R48,100,63,2,c,c
D5R48,100,63,3,c,c
D5R48,100,63,4,c,c
D5R48,100,63,5,c,c
D5R48,100,63,6,c,c
D5R48,100,64,1,c,d
D5R48,100,64,2,d,d
D5R48,100,65,1,c,d
D5R48,100,65,2,d,d
D5R48,100,66,1,c,d
D5R48,100,66,2,d,d
D5R48,100,67,1,c,d
D5R48,100,68,1,c,d
D5R48,100,68,2,d,d
D5R48,100,68,3,d,d
D5R48,100,69,1,c,c
D5R48,100,69,2,c,c
D5R48,100,70,1,c,c
D5R48,100,71,1,c,d
D5R48,100,72,1,c,d
D5R48,101,57,1,d,c
D5R48,101,57,2,c,d
D5R48,101,57,3,c,c
D5R48,101,57,4,c,c
D5R48,101,58,1,c,d
D5R48,101,58,2,d,d
D5R48,101,58,3,d,d
D5R48,101,59,1,d,c
D5R48,101,60,1,d,c
D5R48,101,61,1,d,c
D5R48,101,62,1,d,c
D5R48,101,63,1,d,c
D5R48,101,63,2,c,d
D5R48,101,63,3,c,d
D5R48,101,63,4,d,d
D5R48,101,63,5,d,d
D5R48,101,63,6,d,d
D5R48,101,64,1,d,c
D5R48,101,64,2,c,c
D5R48,101,65,1,c,d
D5R48,101,65,2,d,d
D5R48,101,66,1,d,c
D5R48,101,66,2,c,c
D5R48,101,67,1,c,d
D5R48,101,68,1,d,c
D5R48,101,68,2,c,c
D5R48,101,68,3,c,c
D5R48,101,69,1,c,d
D5R48,101,69,2,d,d
D5R48,101,70,1,d,c
D5R48,101,71,1,d,d
D5R48,101,72,1,d,c
D5R48,102,57,1,c,d
D5R48,102,57,2,d,c
D5R48,102,57,3,c,c
D5R48,102,57,4,c,c
D5R48,102,58,1,c,d
D5R48,102,58,2,d,d
D5R48,102,58,3,d,d
D5R48,102,59,1,c,c
D5R48,102,60,1,c,d
D5R48,102,61,1,c,d
D5R48,102,62,1,c,d
D5R48,102,63,1,c,c
D5R48,102,63,2,c,c
D5R48,102,63,3,c,c
D5R48,102,63,4,c,c
D5R48,102,63,5,c,c
D5R48,102,63,6,c,c
D5R48,102,64,1,c,c
D5R48,102,64,2,c,c
D5R48,102,65,1,c,c
D5R48,102,65,2,c,c
D5R48,102,66,1,c,d
D5R48,102,66,2,d,d
D5R48,102,67,1,c,c
D5R48,102,68,1,c,d
D5R48,102,68,2,d,d
D5R48,102,68,3,d,d
D5R48,102,69,1,c,c
D5R48,102,69,2,c,c
D5R48,102,70,1,c,d
D5R48,102,71,1,c,d
D5R48,102,72,1,c,d
D5R48,103,57,1,c,c
D5R48,103,57,2,c,c
D5R48,103,57,3,c,c
D5R48,103,57,4,c,c
D5R48,103,58,1,c,d
D5R48,103,58,2,c,d
D5R48,103,58,3,d,d
D5R48,103,59,1,c,d
D5R48,103,60,1,c,d
D5R48,103,61,1,c,d
D5R48,103,62,1,c,c
D5R48,103,63,1,c,d
D5R48,103,63,2,d,d
D5R48,103,63,3,d,d
D5R48,103,63,4,d,d
D5R48,103,63,5,d,d
D5R48,103,63,6,d,d
D5R48,103,64,1,c,c
D5R48,103,64,2,c,c
D5R48,103,65,1,c,c
D5R48,103,65,2,c,c
D5R48,103,66,1,c,d
D5R48,103,66,2,d,d
D5R48,103,67,1,c,c
D5R48,103,68,1,c,d
D5R48,103,68,2,d,d
D5R48,103,68,3,d,d
D5R48,103,69,1,c,d
D5R48,103,69,2,d,d
D5R48,103,70,1,c,d
D5R48,103,71,1,c,c
D5R48,103,72,1,c,d
D5R48,104,57,1,c,c
D5R48,104,57,2,c,c
D5R48,104,57,3,c,c
D5R48,104,57,4,c,c
D5R48,104,58,1,c,d
D5R48,104,58,2,c,d
D5R48,104,58,3,d,d
D5R48,104,59,1,c,c
D5R48,104,60,1,c,c
D5R48,104,61,1,c,d
D5R48,104,62,1,c,d
D5R48,104,63,1,c,c
D5R48,104,63,2,c,c
D5R48,104,63,3,c,c
D5R48,104,63,4,c,c
D5R48,104,63,5,c,c
D5R48,104,63,6,c,c
D5R48,104,64,1,c,d
D5R48,104,64,2,d,d
D5R48,104,65,1,c,c
D5R48,104,65,2,c,c
D5R48,104,66,1,c,c
D5R48,104,66,2,c,c
D5R48,104,67,1,c,c
D5R48,104,68,1,c,d
D5R48,104,68,2,d,d
D5R48,104,68,3,d,d
D5R48,104,69,1,c,c
D5R48,104,69,2,c,c
D5R48,104,70,1,c,c
D5R48,104,71,1,c,c
D5R48,104,72,1,c,c
D5R48,105,57,1,d,d
D5R48,105,57,2,d,d
D5R48,105,57,3,d,d
D5R48,105,57,4,d,d
D5R48,105,58,1,d,c
D5R48,105,58,2,d,c
D5R48,105,58,3,d,d
D5R48,105,59,1,d,d
D5R48,105,60,1,d,d
D5R48,105,61,1,d,c
D5R48,105,62,1,d,c
D5R48,105,63,1,d,d
D5R48,105,63,2,d,d
D5R48,105,63,3,d,d
D5R48,105,63,4,d,d
D5R48,105,63,5,d,d
D5R48,105,63,6,d,d
D5R48,105,64,1,d,d
D5R48,105,64,2,d,d
D5R48,105,65,1,d,d
D5R48,105,65,2,d,d
D5R48,105,66,1,d,c
D5R48,105,66,2,d,d
D5R48,105,67,1,d,c
D5R48,105,68,1,d,c
D5R48,105,68,2,d,d
D5R48,105,68,3,d,d
D5R48,105,69,1,d,d
D5R48,105,69,2,d,d
D5R48,105,70,1,d,d
D5R48,105,71,1,d,c
D5R48,105,72,1,d,d
D5R48,106,57,1,d,d
D5R48,106,57,2,d,d
D5R48,106,57,3,d,d
D5R48,106,57,4,d,d
D5R48,106,58,1,d,c
D5R48,106,58,2,d,c
D5R48,106,58,3,d,d
D5R48,106,59,1,d,c
D5R48,106,60,1,d,c
D5R48,106,61,1,d,d
D5R48,106,62,1,d,d
D5R48,106,63,1,d,c
D5R48,106,63,2,d,d
D5R48,106,63,3,d,d
D5R48,106,63,4,d,d
D5R48,106,63,5,d,d
D5R48,106,63,6,d,d
D5R48,106,64,1,d,d
D5R48,106,64,2,d,d
D5R48,106,65,1,d,c
D5R48,106,65,2,d,d
D5R48,106,66,1,d,c
D5R48,106,66,2,d,d
D5R48,106,67,1,d,d
D5R48,106,68,1,d,c
D5R48,106,68,2,d,d
D5R48,106,68,3,d,d
D5R48,106,69,1,d,d
D5R48,106,69,2,d,d
D5R48,106,70,1,d,c
D5R48,106,71,1,d,d
D5R48,106,72,1,d,c
D5R48,107,57,1,c,d
D5R48,107,57,2,d,d
D5R48,107,57,3,d,d
D5R48,107,57,4,d,d
D5R48,107,58,1,c,c
D5R48,107,58,2,c,c
D5R48,107,58,3,c,c
D5R48,107,59,1,c,c
D5R48,107,60,1,c,c
D5R48,107,61,1,c,d
D5R48,107,62,1,c,d
D5R48,107,63,1,c,c
D5R48,107,63,2,c,c
D5R48,107,63,3,c,c
D5R48,107,63,4,c,c
D5R48,107,63,5,c,c
D5R48,107,63,6,c,c
D5R48,107,64,1,c,d
D5R48,107,64,2,c,c
D5R48,107,65,1,c,c
D5R48,107,65,2,c,c
D5R48,107,66,1,c,c
D5R48,107,66,2,c,c
D5R48,107,67,1,c,c
D5R48,107,68,1,c,d
D5R48,107,68,2,c,d
D5R48,107,68,3,c,d
D5R48,107,69,1,c,c
D5R48,107,69,2,c,c
D5R48,107,70,1,c,d
D5R48,107,71,1,c,c
D5R48,107,72,1,c,d
D5R48,108,57,1,c,c
D5R48,108,57,2,c,c
D5R48,108,57,3,c,c
D5R48,108,57,4,c,c
D5R48,108,58,1,c,c
D5R48,108,58,2,c,c
D5R48,108,58,3,c,c
D5R48,108,59,1,c,c
D5R48,108,60,1,c,c
D5R48,108,61,1,c,d
D5R48,108,62,1,c,c
D5R48,108,63,1,c,d
D5R48,108,63,2,d,d
D5R48,108,63,3,d,d
D5R48,108,63,4,d,d
D5R48,108,63,5,d,d
D5R48,108,63,6,d,d
D5R48,108,64,1,c,c
D5R48,108,64,2,c,c
D5R48,108,65,1,c,d
D5R48,108,65,2,c,d
D5R48,108,66,1,c,d
D5R48,108,66,2,c,c
D5R48,108,67,1,c,d
D5R48,108,68,1,c,d
D5R48,108,68,2,c,c
D5R48,108,68,3,c,c
D5R48,108,69,1,c,c
D5R48,108,69,2,c,c
D5R48,108,70,1,c,c
D5R48,108,71,1,c,c
D5R48,108,72,1,c,c
D5R48,109,56,1,d,c
D5R48,109,57,1,d,d
D5R48,109,57,2,d,d
D5R48,109,57,3,d,d
D5R48,109,58,1,d,d
D5R48,109,59,1,d,c
D5R48,109,59,2,d,c
D5R48,109,60,1,d,d
D5R48,109,60,2,d,d
D5R48,109,60,3,d,d
D5R48,109,61,1,d,c
D5R48,109,62,1,d,d
D5R48,109,63,1,d,d
D5R48,109,64,1,d,d
D5R48,109,64,2,d,d
D5R48,109,64,3,d,d
D5R48,109,64,4,d,d
D5R48,109,64,5,d,d
D5R48,109,64,6,d,d
D5R48,109,64,7,d,d
D5R48,109,65,1,d,d
D5R48,109,66,1,d,d
D5R48,109,66,2,d,d
D5R48,109,67,1,d,d
D5R48,109,67,2,d,d
D5R48,109,68,1,d,c
D5R48,110,56,1,d,c
D5R48,110,57,1,d,d
D5R48,110,57,2,d,d
D5R48,110,57,3,d,d
D5R48,110,58,1,d,c
D5R48,110,59,1,d,d
D5R48,110,59,2,d,d
D5R48,110,60,1,d,d
D5R48,110,60,2,d,d
D5R48,110,60,3,d,d
D5R48,110,61,1,d,c
D5R48,110,62,1,d,d
D5R48,110,63,1,d,d
D5R48,110,64,1,d,c
D5R48,110,64,2,d,d
D5R48,110,64,3,d,d
D5R48,110,64,4,d,d
D5R48,110,64,5,d,d
D5R48,110,64,6,d,d
D5R48,110,64,7,d,d
D5R48,110,65,1,d,d
D5R48,110,66,1,d,d
D5R48,110,66,2,d,d
D5R48,110,67,1,d,c
D5R48,110,67,2,d,d
D5R48,110,68,1,d,d
D5R48,111,56,1,c,d
D5R48,111,57,1,d,d
D5R48,111,57,2,d,d
D5R48,111,57,3,d,d
D5R48,111,58,1,c,d
D5R48,111,59,1,d,d
D5R48,111,59,2,d,d
D5R48,111,60,1,d,c
D5R48,111,60,2,c,c
D5R48,111,60,3,c,c
D5R48,111,61,1,c,d
D5R48,111,62,1,d,d
D5R48,111,63,1,d,c
D5R48,111,64,1,d,d
D5R48,111,64,2,d,d
D5R48,111,64,3,d,d
D5R48,111,64,4,d,d
D5R48,111,64,5,d,d
D5R48,111,64,6,d,d
D5R48,111,64,7,d,d
D5R48,111,65,1,c,c
D5R48,111,66,1,c,d
D5R48,111,66,2,d,d
D5R48,111,67,1,c,d
D5R48,111,67,2,d,d
D5R48,111,68,1,d,d
D5R48,112,56,1,c,d
D5R48,112,57,1,c,c
D5R48,112,57,2,c,c
D5R48,112,57,3,c,c
D5R48,112,58,1,c,d
D5R48,112,59,1,c,d
D5R48,112,59,2,c,d
D5R48,112,60,1,c,d
D5R48,112,60,2,c,d
D5R48,112,60,3,c,d
D5R48,112,61,1,c,d
D5R48,112,62,1,c,d
D5R48,112,63,1,c,c
D5R48,112,64,1,c,d
D5R48,112,64,2,c,d
D5R48,112,64,3,d,d
D5R48,112,64,4,d,d
D5R48,112,64,5,d,d
D5R48,112,64,6,d,d
D5R48,112,64,7,d,d
D5R48,112,65,1,d,c
D5R48,112,66,1,d,d
D5R48,112,66,2,d,d
D5R48,112,67,1,d,c
D5R48,112,67,2,c,d
D5R48,112,68,1,c,d
D5R48,113,56,1,d,d
D5R48,113,57,1,d,c
D5R48,113,57,2,d,d
D5R48,113,57,3,d,d
D5R48,113,58,1,d,c
D5R48,113,59,1,d,d
D5R48,113,59,2,d,d
D5R48,113,60,1,d,c
D5R48,113,60,2,d,c
D5R48,113,60,3,d,c
D5R48,113,61,1,d,c
D5R48,113,62,1,d,d
D5R48,113,63,1,d,d
D5R48,113,64,1,d,d
D5R48,113,64,2,d,d
D5R48,113,64,3,d,d
D5R48,113,64,4,d,d
D5R48,113,64,5,d,d
D5R48,113,64,6,d,d
D5R48,113,64,7,d,d
D5R48,113,65,1,d,d
D5R48,113,66,1,d,d
D5R48,113,66,2,d,d
D5R48,113,67,1,d,c
D5R48,113,67,2,d,d
D5R48,113,68,1,d,c
D5R48,114,56,1,d,d
D5R48,114,57,1,d,d
D5R48,114,57,2,d,d
D5R48,114,57,3,d,d
D5R48,114,58,1,d,d
D5R48,114,59,1,d,d
D5R48,114,59,2,d,c
D5R48,114,60,1,c,d
D5R48,114,60,2,d,d
D5R48,114,60,3,d,d
D5R48,114,61,1,d,d
D5R48,114,62,1,d,c
D5R48,114,63,1,d,d
D5R48,114,64,1,d,d
D5R48,114,64,2,d,c
D5R48,114,64,3,c,d
D5R48,114,64,4,c,c
D5R48,114,64,5,c,c
D5R48,114,64,6,c,c
D5R48,114,64,7,c,c
D5R48,114,65,1,d,d
D5R48,114,66,1,d,d
D5R48,114,66,2,d,d
D5R48,114,67,1,d,d
D5R48,114,67,2,d,d
D5R48,114,68,1,d,d
D5R48,115,56,1,d,c
D5R48,115,57,1,d,d
D5R48,115,57,2,d,d
D5R48,115,57,3,d,d
D5R48,115,58,1,d,d
D5R48,115,59,1,d,d
D5R48,115,59,2,d,d
D5R48,115,60,1,d,d
D5R48,115,60,2,d,d
D5R48,115,60,3,d,d
D5R48,115,61,1,d,d
D5R48,115,62,1,d,d
D5R48,115,63,1,d,d
D5R48,115,64,1,c,c
D5R48,115,64,2,c,c
D5R48,115,64,3,c,c
D5R48,115,64,4,c,c
D5R48,115,64,5,c,c
D5R48,115,64,6,c,c
D5R48,115,64,7,c,c
D5R48,115,65,1,c,d
D5R48,115,66,1,d,c
D5R48,115,66,2,d,d
D5R48,115,67,1,c,d
D5R48,115,67,2,d,d
D5R48,115,68,1,d,d
D5R48,116,56,1,d,c
D5R48,116,57,1,d,d
D5R48,116,57,2,d,d
D5R48,116,57,3,d,d
D5R48,116,58,1,d,d
D5R48,116,59,1,d,c
D5R48,116,59,2,d,c
D5R48,116,60,1,d,c
D5R48,116,60,2,d,d
D5R48,116,60,3,d,d
D5R48,116,61,1,d,d
D5R48,116,62,1,d,d
D5R48,116,63,1,d,d
D5R48,116,64,1,d,d
D5R48,116,64,2,d,d
D5R48,116,64,3,d,d
D5R48,116,64,4,d,d
D5R48,116,64,5,d,d
D5R48,116,64,6,d,d
D5R48,116,64,7,d,d
D5R48,116,65,1,d,d
D5R48,116,66,1,d,c
D5R48,116,66,2,d,c
D5R48,116,67,1,d,d
D5R48,116,67,2,d,d
D5R48,116,68,1,d,d
D5R48,117,56,1,d,c
D5R48,117,57,1,c,d
D5R48,117,57,2,d,d
D5R48,117,57,3,d,d
D5R48,117,58,1,d,d
D5R48,117,59,1,c,d
D5R48,117,59,2,d,d
D5R48,117,60,1,d,d
D5R48,117,60,2,d,c
D5R48,117,60,3,c,d
D5R48,117,61,1,d,d
D5R48,117,62,1,d,d
D5R48,117,63,1,c,c
D5R48,117,64,1,c,d
D5R48,117,64,2,d,d
D5R48,117,64,3,d,d
D5R48,117,64,4,d,d
D5R48,117,64,5,d,d
D5R48,117,64,6,d,d
D5R48,117,64,7,d,d
D5R48,117,65,1,c,c
D5R48,117,66,1,c,d
D5R48,117,66,2,c,c
D5R48,117,67,1,c,d
D5R48,117,67,2,d,d
D5R48,117,68,1,d,d
D5R48,118,56,1,d,d
D5R48,118,57,1,d,d
D5R48,118,57,2,d,c
D5R48,118,57,3,d,c
D5R48,118,58,1,d,d
D5R48,118,59,1,d,c
D5R48,118,59,2,d,d
D5R48,118,60,1,d,d
D5R48,118,60,2,d,d
D5R48,118,60,3,d,d
D5R48,118,61,1,d,d
D5R48,118,62,1,d,d
D5R48,118,63,1,d,d
D5R48,118,64,1,d,d
D5R48,118,64,2,d,d
D5R48,118,64,3,d,d
D5R48,118,64,4,d,d
D5R48,118,64,5,d,d
D5R48,118,64,6,d,d
D5R48,118,64,7,d,d
D5R48,118,65,1,d,c
D5R48,118,66,1,d,d
D5R48,118,66,2,d,d
D5R48,118,67,1,d,c
D5R48,118,67,2,d,d
D5R48,118,68,1,d,c
D5R48,119,56,1,c,d
D5R48,119,57,1,d,d
D5R48,119,57,2,c,d
D5R48,119,57,3,c,d
D5R48,119,58,1,d,d
D5R48,119,59,1,d,d
D5R48,119,59,2,c,d
D5R48,119,60,1,d,d
D5R48,119,60,2,c,d
D5R48,119,60,3,d,c
D5R48,119,61,1,d,d
D5R48,119,62,1,d,d
D5R48,119,63,1,d,d
D5R48,119,64,1,d,d
D5R48,119,64,2,c,d
D5R48,119,64,3,d,c
D5R48,119,64,4,c,c
D5R48,119,64,5,c,c
D5R48,119,64,6,c,c
D5R48,119,64,7,c,c
D5R48,119,65,1,d,d
D5R48,119,66,1,d,c
D5R48,119,66,2,c,c
D5R48,119,67,1,c,d
D5R48,119,67,2,d,c
D5R48,119,68,1,c,d
D5R48,120,56,1,c,d
D5R48,120,57,1,d,d
D5R48,120,57,2,d,d
D5R48,120,57,3,d,d
D5R48,120,58,1,d,c
D5R48,120,59,1,d,d
D5R48,120,59,2,d,d
D5R48,120,60,1,d,d
D5R48,120,60,2,d,d
D5R48,120,60,3,d,d
D5R48,120,61,1,d,d
D5R48,120,62,1,d,d
D5R48,120,63,1,d,d
D5R48,120,64,1,d,d
D5R48,120,64,2,d,d
D5R48,120,64,3,d,d
D5R48,120,64,4,d,d
D5R48,120,64,5,d,d
D5R48,120,64,6,d,d
D5R48,120,64,7,d,d
D5R48,120,65,1,d,d
D5R48,120,66,1,d,d
D5R48,120,66,2,d,d
D5R48,120,67,1,d,c
D5R48,120,67,2,d,c
D5R48,120,68,1,d,d
D5R48,121,56,1,c,d
D5R48,121,57,1,c,c
D5R48,121,57,2,c,c
D5R48,121,57,3,c,c
D5R48,121,58,1,c,d
D5R48,121,59,1,c,d
D5R48,121,59,2,c,d
D5R48,121,60,1,c,d
D5R48,121,60,2,c,c
D5R48,121,60,3,c,c
D5R48,121,61,1,c,d
D5R48,121,62,1,c,d
D5R48,121,63,1,c,d
D5R48,121,64,1,c,c
D5R48,121,64,2,c,c
D5R48,121,64,3,c,c
D5R48,121,64,4,c,c
D5R48,121,64,5,c,c
D5R48,121,64,6,c,c
D5R48,121,64,7,c,c
D5R48,121,65,1,c,d
D5R48,121,66,1,c,d
D5R48,121,66,2,c,d
D5R48,121,67,1,c,d
D5R48,121,67,2,c,d
D5R48,121,68,1,c,d
D5R48,122,56,1,d,d
D5R48,122,57,1,d,d
D5R48,122,57,2,d,d
D5R48,122,57,3,d,d
D5R48,122,58,1,d,d
D5R48,122,59,1,d,d
D5R48,122,59,2,d,d
D5R48,122,60,1,d,d
D5R48,122,60,2,d,d
D5R48,122,60,3,d,d
D5R48,122,61,1,d,d
D5R48,122,62,1,d,c
D5R48,122,63,1,d,d
D5R48,122,64,1,d,c
D5R48,122,64,2,d,c
D5R48,122,64,3,d,d
D5R48,122,64,4,d,d
D5R48,122,64,5,d,d
D5R48,122,64,6,d,d
D5R48,122,64,7,d,d
D5R48,122,65,1,d,d
D5R48,122,66,1,d,d
D5R48,122,66,2,d,d
D5R48,122,67,1,d,d
D5R48,122,67,2,d,d
D5R48,122,68,1,d,d
D5R48,123,64,1,c,d
D5R48,123,65,1,c,d
D5R48,123,65,2,c,d
D5R48,123,66,1,c,c
D5R48,123,66,2,c,c
D5R48,123,66,3,c,c
D5R48,123,67,1,c,c
D5R48,123,68,1,c,c
D5R48,123,69,1,c,d
D5R48,123,69,2,c,d
D5R48,123,70,1,c,d
D5R48,123,71,1,c,c
D5R48,123,71,2,c,c
D5R48,123,72,1,c,d
D5R48,123,72,2,c,d
D5R48,123,73,1,d,d
D5R48,123,73,2,d,d
D5R48,123,73,3,c,d
D5R48,123,74,1,c,d
D5R48,123,74,2,c,d
D5R48,123,74,3,d,d
D5R48,123,74,4,c,d
D5R48,123,75,1,c,c
D5R48,123,76,1,c,c
D5R48,123,77,1,c,c
D5R48,123,77,2,c,c
D5R48,123,77,3,c,c
D5R48,123,77,4,c,c
D5R48,123,77,5,c,c
D5R48,123,77,6,c,c
D5R48,123,77,7,c,c
D5R48,123,77,8,c,c
D5R48,124,64,1,d,c
D5R48,124,65,1,d,c
D5R48,124,65,2,d,c
D5R48,124,66,1,d,d
D5R48,124,66,2,d,d
D5R48,124,66,3,d,d
D5R48,124,67,1,d,c
D5R48,124,68,1,d,c
D5R48,124,69,1,d,d
D5R48,124,69,2,d,d
D5R48,124,70,1,d,d
D5R48,124,71,1,d,c
D5R48,124,71,2,d,c
D5R48,124,72,1,d,c
D5R48,124,72,2,d,d
D5R48,124,73,1,d,c
D5R48,124,73,2,d,c
D5R48,124,73,3,d,d
D5R48,124,74,1,d,c
D5R48,124,74,2,d,c
D5R48,124,74,3,d,d
D5R48,124,74,4,d,c
D5R48,124,75,1,d,d
D5R48,124,76,1,d,d
D5R48,124,77,1,d,c
D5R48,124,77,2,d,d
D5R48,124,77,3,d,d
D5R48,124,77,4,d,c
D5R48,124,77,5,d,d
D5R48,124,77,6,d,d
D5R48,124,77,7,d,d
D5R48,124,77,8,d,d
D5R48,125,64,1,c,d
D5R48,125,65,1,c,c
D5R48,125,65,2,c,c
D5R48,125,66,1,c,d
D5R48,125,66,2,d,d
D5R48,125,66,3,c,d
D5R48,125,67,1,c,c
D5R48,125,68,1,c,c
D5R48,125,69,1,c,c
D5R48,125,69,2,c,c
D5R48,125,70,1,c,c
D5R48,125,71,1,c,c
D5R48,125,71,2,c,c
D5R48,125,72,1,c,c
D5R48,125,72,2,c,c
D5R48,125,73,1,c,d
D5R48,125,73,2,c,d
D5R48,125,73,3,c,d
D5R48,125,74,1,c,d
D5R48,125,74,2,d,d
D5R48,125,74,3,d,d
D5R48,125,74,4,d,d
D5R48,125,75,1,c,c
D5R48,125,76,1,c,c
D5R48,125,77,1,c,d
D5R48,125,77,2,d,d
D5R48,125,77,3,d,d
D5R48,125,77,4,d,d
D5R48,125,77,5,d,d
D5R48,125,77,6,d,d
D5R48,125,77,7,d,d
D5R48,125,77,8,d,d
D5R48,126,64,1,d,d
D5R48,126,65,1,d,c
D5R48,126,65,2,d,c
D5R48,126,66,1,d,c
D5R48,126,66,2,d,c
D5R48,126,66,3,d,d
D5R48,126,67,1,d,d
D5R48,126,68,1,d,c
D5R48,126,69,1,d,c
D5R48,126,69,2,d,c
D5R48,126,70,1,d,d
D5R48,126,71,1,d,c
D5R48,126,71,2,d,d
D5R48,126,72,1,d,c
D5R48,126,72,2,d,d
D5R48,126,73,1,d,d
D5R48,126,73,2,d,d
D5R48,126,73,3,d,d
D5R48,126,74,1,d,d
D5R48,126,74,2,d,d
D5R48,126,74,3,d,d
D5R48,126,74,4,d,d
D5R48,126,75,1,d,c
D5R48,126,76,1,d,d
D5R48,126,77,1,d,c
D5R48,126,77,2,d,c
D5R48,126,77,3,d,c
D5R48,126,77,4,d,c
D5R48,126,77,5,d,c
D5R48,126,77,6,d,c
D5R48,126,77,7,d,c
D5R48,126,77,8,d,c
D5R48,127,64,1,c,c
D5R48,127,65,1,c,c
D5R48,127,65,2,c,c
D5R48,127,66,1,c,c
D5R48,127,66,2,c,c
D5R48,127,66,3,c,c
D5R48,127,67,1,c,d
D5R48,127,68,1,c,c
D5R48,127,69,1,c,c
D5R48,127,69,2,c,c
D5R48,127,70,1,c,d
D5R48,127,71,1,c,c
D5R48,127,71,2,c,c
D5R48,127,72,1,c,c
D5R48,127,72,2,c,c
D5R48,127,73,1,c,d
D5R48,127,73,2,c,d
D5R48,127,73,3,c,d
D5R48,127,74,1,c,d
D5R48,127,74,2,d,d
D5R48,127,74,3,d,d
D5R48,127,74,4,d,d
D5R48,127,75,1,c,d
D5R48,127,76,1,c,c
D5R48,127,77,1,c,c
D5R48,127,77,2,c,c
D5R48,127,77,3,c,c
D5R48,127,77,4,c,c
D5R48,127,77,5,c,c
D5R48,127,77,6,c,c
D5R48,127,77,7,c,c
D5R48,127,77,8,c,c
D5R48,128,64,1,c,d
D5R48,128,65,1,c,d
D5R48,128,65,2,c,d
D5R48,128,66,1,c,c
D5R48,128,66,2,c,c
D5R48,128,66,3,c,c
D5R48,128,67,1,c,d
D5R48,128,68,1,c,c
D5R48,128,69,1,c,c
D5R48,128,69,2,c,c
D5R48,128,70,1,c,c
D5R48,128,71,1,c,d
D5R48,128,71,2,c,d
D5R48,128,72,1,d,c
D5R48,128,72,2,c,c
D5R48,128,73,1,d,c
D5R48,128,73,2,d,c
D5R48,128,73,3,c,c
D5R48,128,74,1,c,c
D5R48,128,74,2,c,c
D5R48,128,74,3,c,c
D5R48,128,74,4,c,c
D5R48,128,75,1,c,c
D5R48,128,76,1,c,d
D5R48,128,77,1,c,d
D5R48,128,77,2,c,d
D5R48,128,77,3,d,d
D5R48,128,77,4,d,d
D5R48,128,77,5,d,d
D5R48,128,77,6,d,d
D5R48,128,77,7,d,d
D5R48,128,77,8,d,d
D5R48,129,64,1,d,c
D5R48,129,65,1,d,c
D5R48,129,65,2,d,c
D5R48,129,66,1,d,c
D5R48,129,66,2,d,d
D5R48,129,66,3,d,d
D5R48,129,67,1,d,c
D5R48,129,68,1,d,d
D5R48,129,69,1,d,c
D5R48,129,69,2,d,c
D5R48,129,70,1,d,d
D5R48,129,71,1,d,d
D5R48,129,71,2,d,d
D5R48,129,72,1,d,c
D5R48,129,72,2,d,d
D5R48,129,73,1,d,c
D5R48,129,73,2,d,d
D5R48,129,73,3,d,d
D5R48,129,74,1,d,c
D5R48,129,74,2,d,d
D5R48,129,74,3,d,d
D5R48,129,74,4,d,d
D5R48,129,75,1,d,c
D5R48,129,76,1,d,d
D5R48,129,77,1,d,c
D5R48,129,77,2,d,d
D5R48,129,77,3,d,d
D5R48,129,77,4,d,d
D5R48,129,77,5,d,d
D5R48,129,77,6,d,d
D5R48,129,77,7,d,d
D5R48,129,77,8,d,d
D5R48,130,64,1,d,c
D5R48,130,65,1,d,d
D5R48,130,65,2,d,d
D5R48,130,66,1,d,c
D5R48,130,66,2,d,d
D5R48,130,66,3,d,d
D5R48,130,67,1,d,c
D5R48,130,68,1,d,d
D5R48,130,69,1,d,c
D5R48,130,69,2,d,c
D5R48,130,70,1,d,d
D5R48,130,71,1,d,d
D5R48,130,71,2,d,d
D5R48,130,72,1,d,c
D5R48,130,72,2,d,d
D5R48,130,73,1,d,c
D5R48,130,73,2,d,c
D5R48,130,73,3,d,c
D5R48,130,74,1,d,c
D5R48,130,74,2,d,d
D5R48,130,74,3,d,d
D5R48,130,74,4,d,d
D5R48,130,75,1,d,c
D5R48,130,76,1,d,d
D5R48,130,77,1,d,c
D5R48,130,77,2,d,c
D5R48,130,77,3,d,d
D5R48,130,77,4,d,d
D5R48,130,77,5,d,d
D5R48,130,77,6,d,d
D5R48,130,77,7,d,d
D5R48,130,77,8,d,d
D5R48,131,64,1,c,c
D5R48,131,65,1,c,d
D5R48,131,65,2,d,d
D5R48,131,66,1,c,d
D5R48,131,66,2,d,c
D5R48,131,66,3,c,c
D5R48,131,67,1,c,c
D5R48,131,68,1,c,d
D5R48,131,69,1,c,d
D5R48,131,69,2,d,d
D5R48,131,70,1,c,c
D5R48,131,71,1,c,c
D5R48,131,71,2,c,c
D5R48,131,72,1,c,d
D5R48,131,72,2,d,d
D5R48,131,73,1,c,d
D5R48,131,73,2,d,d
D5R48,131,73,3,d,d
D5R48,131,74,1,c,c
D5R48,131,74,2,c,c
D5R48,131,74,3,c,c
D5R48,131,74,4,c,c
D5R48,131,75,1,c,c
D5R48,131,76,1,c,c
D5R48,131,77,1,c,c
D5R48,131,77,2,c,c
D5R48,131,77,3,c,c
D5R48,131,77,4,c,c
D5R48,131,77,5,c,c
D5R48,131,77,6,c,c
D5R48,131,77,7,c,c
D5R48,131,77,8,c,c
D5R48,132,64,1,c,d
D5R48,132,65,1,c,c
D5R48,132,65,2,c,c
D5R48,132,66,1,c,d
D5R48,132,66,2,d,d
D5R48,132,66,3,d,d
D5R48,132,67,1,c,d
D5R48,132,68,1,c,d
D5R48,132,69,1,c,c
D5R48,132,69,2,c,c
D5R48,132,70,1,c,c
D5R48,132,71,1,c,c
D5R48,132,71,2,c,c
D5R48,132,72,1,c,d
D5R48,132,72,2,d,d
D5R48,132,73,1,c,d
D5R48,132,73,2,d,d
D5R48,132,73,3,d,d
D5R48,132,74,1,c,d
D5R48,132,74,2,d,d
D5R48,132,74,3,d,d
D5R48,132,74,4,d,d
D5R48,132,75,1,c,d
D5R48,132,76,1,c,c
D5R48,132,77,1,c,d
D5R48,132,77,2,d,d
D5R48,132,77,3,d,d
D5R48,132,77,4,d,d
D5R48,132,77,5,d,d
D5R48,132,77,6,d,d
D5R48,132,77,7,d,d
D5R48,132,77,8,d,d
D5R48,133,64,1,d,c
D5R48,133,65,1,d,d
D5R48,133,65,2,d,d
D5R48,133,66,1,d,c
D5R48,133,66,2,d,d
D5R48,133,66,3,d,c
D5R48,133,67,1,d,c
D5R48,133,68,1,d,d
D5R48,133,69,1,d,c
D5R48,133,69,2,d,d
D5R48,133,70,1,d,c
D5R48,133,71,1,d,d
D5R48,133,71,2,d,d
D5R48,133,72,1,d,d
D5R48,133,72,2,d,d
D5R48,133,73,1,d,c
D5R48,133,73,2,d,d
D5R48,133,73,3,d,d
D5R48,133,74,1,d,c
D5R48,133,74,2,d,d
D5R48,133,74,3,d,d
D5R48,133,74,4,d,d
D5R48,133,75,1,c,d
D5R48,133,76,1,d,c
D5R48,133,77,1,d,c
D5R48,133,77,2,d,d
D5R48,133,77,3,d,d
D5R48,133,77,4,d,d
D5R48,133,77,5,d,d
D5R48,133,77,6,d,d
D5R48,133,77,7,d,d
D5R48,133,77,8,d,d
D5R48,134,64,1,d,c
D5R48,134,65,1,d,c
D5R48,134,65,2,d,d
D5R48,134,66,1,d,d
D5R48,134,66,2,d,d
D5R48,134,66,3,d,d
D5R48,134,67,1,d,d
D5R48,134,68,1,d,c
D5R48,134,69,1,d,d
D5R48,134,69,2,d,d
D5R48,134,70,1,d,d
D5R48,134,71,1,d,d
D5R48,134,71,2,d,d
D5R48,134,72,1,d,c
D5R48,134,72,2,d,c
D5R48,134,73,1,d,c
D5R48,134,73,2,d,c
D5R48,134,73,3,d,c
D5R48,134,74,1,d,d
D5R48,134,74,2,d,d
D5R48,134,74,3,d,d
D5R48,134,74,4,d,d
D5R48,134,75,1,d,d
D5R48,134,76,1,d,d
D5R48,134,77,1,d,d
D5R48,134,77,2,d,d
D5R48,134,77,3,d,d
D5R48,134,77,4,d,d
D5R48,134,77,5,d,d
D5R48,134,77,6,d,d
D5R48,134,77,7,d,d
D5R48,134,77,8,d,d
D5R48,135,64,1,c,d
D5R48,135,65,1,c,d
D5R48,135,65,2,c,d
D5R48,135,66,1,c,c
D5R48,135,66,2,c,c
D5R48,135,66,3,c,c
D5R48,135,67,1,c,d
D5R48,135,68,1,c,c
D5R48,135,69,1,c,c
D5R48,135,69,2,c,c
D5R48,135,70,1,c,c
D5R48,135,71,1,c,c
D5R48,135,71,2,c,c
D5R48,135,72,1,c,d
D5R48,135,72,2,c,c
D5R48,135,73,1,c,d
D5R48,135,73,2,c,d
D5R48,135,73,3,c,c
D5R48,135,74,1,c,c
D5R48,135,74,2,c,c
D5R48,135,74,3,c,c
D5R48,135,74,4,c,c
D5R48,135,75,1,c,c
D5R48,135,76,1,c,d
D5R48,135,77,1,c,d
D5R48,135,77,2,c,d
D5R48,135,77,3,c,d
D5R48,135,77,4,c,d
D5R48,135,77,5,c,d
D5R48,135,77,6,c,d
D5R48,135,77,7,c,d
D5R48,135,77,8,c,d
D5R48,136,64,1,d,c
D5R48,136,65,1,d,c
D5R48,136,65,2,c,d
D5R48,136,66,1,d,c
D5R48,136,66,2,c,d
D5R48,136,66,3,c,c
D5R48,136,67,1,d,d
D5R48,136,68,1,c,c
D5R48,136,69,1,c,d
D5R48,136,69,2,c,d
D5R48,136,70,1,d,d
D5R48,136,71,1,d,d
D5R48,136,71,2,d,d
D5R48,136,72,1,d,d
D5R48,136,72,2,d,d
D5R48,136,73,1,d,d
D5R48,136,73,2,d,d
D5R48,136,73,3,d,c
D5R48,136,74,1,d,c
D5R48,136,74,2,c,d
D5R48,136,74,3,c,d
D5R48,136,74,4,d,d
D5R48,136,75,1,d,d
D5R48,136,76,1,d,d
D5R48,136,77,1,d,c
D5R48,136,77,2,c,c
D5R48,136,77,3,c,c
D5R48,136,77,4,c,c
D5R48,136,77,5,c,c
D5R48,136,77,6,c,c
D5R48,136,77,7,c,c
D5R48,136,77,8,c,c
D5R48,137,64,1,c,c
D5R48,137,65,1,c,d
D5R48,137,65,2,d,d
D5R48,137,66,1,c,d
D5R48,137,66,2,d,d
D5R48,137,66,3,d,d
D5R48,137,67,1,c,c
D5R48,137,68,1,c,d
D5R48,137,69,1,c,c
D5R48,137,69,2,c,c
D5R48,137,70,1,c,c
D5R48,137,71,1,c,d
D5R48,137,71,2,d,d
D5R48,137,72,1,c,d
D5R48,137,72,2,d,d
D5R48,137,73,1,d,c
D5R48,137,73,2,c,c
D5R48,137,73,3,c,c
D5R48,137,74,1,c,c
D5R48,137,74,2,c,c
D5R48,137,74,3,c,c
D5R48,137,74,4,c,c
D5R48,137,75,1,c,c
D5R48,137,76,1,c,c
D5R48,137,77,1,c,c
D5R48,137,77,2,c,c
D5R48,137,77,3,c,c
D5R48,137,77,4,c,c
D5R48,137,77,5,c,c
D5R48,137,77,6,c,c
D5R48,137,77,7,c,c
D5R48,137,77,8,c,c
D5R48,138,64,1,c,c
D5R48,138,65,1,c,c
D5R48,138,65,2,c,c
D5R48,138,66,1,c,d
D5R48,138,66,2,c,d
D5R48,138,66,3,d,d
D5R48,138,67,1,c,c
D5R48,138,68,1,c,c
D5R48,138,69,1,c,d
D5R48,138,69,2,c,d
D5R48,138,70,1,c,c
D5R48,138,71,1,c,c
D5R48,138,71,2,c,c
D5R48,138,72,1,c,d
D5R48,138,72,2,c,d
D5R48,138,73,1,c,d
D5R48,138,73,2,c,c
D5R48,138,73,3,c,c
D5R48,138,74,1,c,d
D5R48,138,74,2,d,d
D5R48,138,74,3,d,d
D5R48,138,74,4,d,d
D5R48,138,75,1,d,c
D5R48,138,76,1,c,c
D5R48,138,77,1,c,d
D5R48,138,77,2,d,d
D5R48,138,77,3,d,d
D5R48,138,77,4,c,d
D5R48,138,77,5,d,d
D5R48,138,77,6,d,d
D5R48,138,77,7,d,d
D5R48,138,77,8,d,d
D5R48,139,64,1,c,d
D5R48,139,65,1,c,d
D5R48,139,65,2,d,c
D5R48,139,66,1,c,d
D5R48,139,66,2,c,d
D5R48,139,66,3,d,d
D5R48,139,67,1,c,c
D5R48,139,68,1,c,c
D5R48,139,69,1,c,d
D5R48,139,69,2,c,d
D5R48,139,70,1,c,c
D5R48,139,71,1,c,c
D5R48,139,71,2,c,c
D5R48,139,72,1,c,d
D5R48,139,72,2,d,d
D5R48,139,73,1,c,d
D5R48,139,73,2,c,d
D5R48,139,73,3,d,d
D5R48,139,74,1,c,d
D5R48,139,74,2,d,c
D5R48,139,74,3,d,c
D5R48,139,74,4,d,d
D5R48,139,75,1,c,d
D5R48,139,76,1,c,c
D5R48,139,77,1,c,d
D5R48,139,77,2,c,c
D5R48,139,77,3,c,c
D5R48,139,77,4,c,c
D5R48,139,77,5,c,c
D5R48,139,77,6,c,c
D5R48,139,77,7,c,c
D5R48,139,77,8,c,c
D5R48,140,64,1,d,d
D5R48,140,65,1,d,c
D5R48,140,65,2,d,d
D5R48,140,66,1,d,c
D5R48,140,66,2,d,c
D5R48,140,66,3,d,d
D5R48,140,67,1,d,d
D5R48,140,68,1,d,d
D5R48,140,69,1,d,c
D5R48,140,69,2,d,c
D5R48,140,70,1,d,c
D5R48,140,71,1,d,d
D5R48,140,71,2,d,d
D5R48,140,72,1,d,c
D5R48,140,72,2,d,c
D5R48,140,73,1,d,d
D5R48,140,73,2,d,d
D5R48,140,73,3,d,d
D5R48,140,74,1,d,c
D5R48,140,74,2,d,d
D5R48,140,74,3,d,d
D5R48,140,74,4,d,d
D5R48,140,75,1,d,d
D5R48,140,76,1,d,c
D5R48,140,77,1,d,d
D5R48,140,77,2,d,d
D5R48,140,77,3,d,d
D5R48,140,77,4,d,d
D5R48,140,77,5,d,d
D5R48,140,77,6,d,d
D5R48,140,77,7,d,d
D5R48,140,77,8,d,d
D75R32,141,23,1,c,d
D75R32,141,23,2,d,d
D75R32,141,23,3,d,d
D75R32,141,23,4,d,d
D75R32,141,24,1,d,d
D75R32,141,24,2,c,d
D75R32,141,24,3,d,d
D75R32,141,24,4,d,d
D75R32,141,25,1,c,c
D75R32,141,25,2,c,c
D75R32,141,25,3,c,c
D75R32,141,25,4,c,c
D75R32,141,25,5,c,c
D75R32,141,25,6,c,c
D75R32,141,25,7,c,c
D75R32,141,25,8,d,c
D75R32,141,26,1,c,d
D75R32,141,26,2,d,d
D75R32,141,26,3,d,d
D75R32,141,26,4,d,d
D75R32,141,26,5,d,d
D75R32,141,27,1,c,c
D75R32,141,27,2,c,c
D75R32,141,27,3,c,c
D75R32,141,27,4,c,c
D75R32,141,27,5,c,c
D75R32,141,28,1,c,d
D75R32,141,28,2,d,d
D75R32,141,29,1,c,c
D75R32,141,29,2,c,c
D75R32,141,29,3,c,c
D75R32,141,29,4,c,c
D75R32,141,29,5,c,c
D75R32,141,29,6,d,c
D75R32,141,29,7,c,d
D75R32,141,29,8,c,d
D75R32,141,29,9,d,c
D75R32,141,29,10,c,d
D75R32,141,29,11,d,d
D75R32,141,29,12,d,d
D75R32,141,29,13,d,d
D75R32,141,29,14,d,d
D75R32,141,29,15,d,d
D75R32,141,29,16,d,d
D75R32,141,29,17,d,d
D75R32,141,29,18,d,d
D75R32,141,29,19,c,d
D75R32,141,29,20,d,c
D75R32,141,29,21,c,c
D75R32,141,29,22,c,c
D75R32,141,29,23,c,c
D75R32,142,23,1,c,d
D75R32,142,23,2,d,c
D75R32,142,23,3,d,d
D75R32,142,23,4,d,d
D75R32,142,24,1,c,c
D75R32,142,24,2,c,c
D75R32,142,24,3,c,c
D75R32,142,24,4,c,c
D75R32,142,25,1,c,c
D75R32,142,25,2,c,c
D75R32,142,25,3,c,c
D75R32,142,25,4,c,c
D75R32,142,25,5,c,c
D75R32,142,25,6,c,c
D75R32,142,25,7,c,c
D75R32,142,25,8,c,d
D75R32,142,26,1,c,c
D75R32,142,26,2,c,c
D75R32,142,26,3,c,c
D75R32,142,26,4,c,c
D75R32,142,26,5,c,c
D75R32,142,27,1,c,c
D75R32,142,27,2,c,c
D75R32,142,27,3,c,c
D75R32,142,27,4,c,c
D75R32,142,27,5,c,c
D75R32,142,28,1,c,d
D75R32,142,28,2,d,d
D75R32,142,29,1,c,d
D75R32,142,29,2,d,d
D75R32,142,29,3,d,d
D75R32,142,29,4,d,d
D75R32,142,29,5,d,d
D75R32,142,29,6,d,d
D75R32,142,29,7,d,d
D75R32,142,29,8,d,d
D75R32,142,29,9,d,d
D75R32,142,29,10,d,d
D75R32,142,29,11,d,d
D75R32,142,29,12,d,d
D75R32,142,29,13,d,d
D75R32,142,29,14,d,d
D75R32,142,29,15,d,d
D75R32,142,29,16,d,d
D75R32,142,29,17,d,d
D75R32,142,29,18,d,d
D75R32,142,29,19,d,d
D75R32,142,29,20,d,d
D75R32,142,29,21,d,d
D75R32,142,29,22,d,d
D75R32,142,29,23,d,d
D75R32,143,23,1,c,d
D75R32,143,23,2,d,c
D75R32,143,23,3,c,c
D75R32,143,23,4,c,c
D75R32,143,24,1,c,d
D75R32,143,24,2,d,c
D75R32,143,24,3,c,c
D75R32,143,24,4,c,c
D75R32,143,25,1,c,c
D75R32,143,25,2,c,c
D75R32,143,25,3,c,c
D75R32,143,25,4,c,c
D75R32,143,25,5,c,c
D75R32,143,25,6,c,c
D75R32,143,25,7,c,c
D75R32,143,25,8,c,c
D75R32,143,26,1,c,c
D75R32,143,26,2,c,c
D75R32,143,26,3,c,c
D75R32,143,26,4,c,c
D75R32,143,26,5,c,c
D75R32,143,27,1,c,c
D75R32,143,27,2,c,c
D75R32,143,27,3,c,c
D75R32,143,27,4,c,c
D75R32,143,27,5,c,c
D75R32,143,28,1,c,c
D75R32,143,28,2,c,c
D75R32,143,29,1,c,c
D75R32,143,29,2,c,c
D75R32,143,29,3,c,c
D75R32,143,29,4,c,c
D75R32,143,29,5,c,c
D75R32,143,29,6,c,c
D75R32,143,29,7,c,c
D75R32,143,29,8,c,c
D75R32,143,29,9,c,c
D75R32,143,29,10,c,c
D75R32,143,29,11,c,c
D75R32,143,29,12,c,c
D75R32,143,29,13,c,c
D75R32,143,29,14,c,c
D75R32,143,29,15,c,c
D75R32,143,29,16,c,c
D75R32,143,29,17,c,c
D75R32,143,29,18,c,c
D75R32,143,29,19,c,c
D75R32,143,29,20,c,c
D75R32,143,29,21,c,c
D75R32,143,29,22,c,c
D75R32,143,29,23,c,c
D75R32,144,23,1,d,c
D75R32,144,23,2,c,d
D75R32,144,23,3,c,c
D75R32,144,23,4,c,c
D75R32,144,24,1,c,d
D75R32,144,24,2,d,d
D75R32,144,24,3,d,d
D75R32,144,24,4,d,d
D75R32,144,25,1,d,d
D75R32,144,25,2,d,d
D75R32,144,25,3,d,d
D75R32,144,25,4,d,d
D75R32,144,25,5,d,d
D75R32,144,25,6,d,d
D75R32,144,25,7,d,d
D75R32,144,25,8,d,d
D75R32,144,26,1,d,d
D75R32,144,26,2,d,d
D75R32,144,26,3,d,d
D75R32,144,26,4,d,d
D75R32,144,26,5,d,d
D75R32,144,27,1,c,d
D75R32,144,27,2,d,c
D75R32,144,27,3,c,d
D75R32,144,27,4,d,c
D75R32,144,27,5,c,c
D75R32,144,28,1,c,d
D75R32,144,28,2,d,c
D75R32,144,29,1,c,d
D75R32,144,29,2,d,d
D75R32,144,29,3,d,d
D75R32,144,29,4,d,d
D75R32,144,29,5,d,d
D75R32,144,29,6,d,d
D75R32,144,29,7,d,d
D75R32,144,29,8,d,d
D75R32,144,29,9,d,d
D75R32,144,29,10,d,d
D75R32,144,29,11,d,d
D75R32,144,29,12,d,d
D75R32,144,29,13,d,d
D75R32,144,29,14,d,d
D75R32,144,29,15,d,d
D75R32,144,29,16,d,d
D75R32,144,29,17,d,d
D75R32,144,29,18,d,d
D75R32,144,29,19,d,d
D75R32,144,29,20,d,d
D75R32,144,29,21,d,d
D75R32,144,29,22,d,d
D75R32,144,29,23,d,d
D75R32,145,23,1,d,c
D75R32,145,23,2,d,d
D75R32,145,23,3,d,d
D75R32,145,23,4,d,d
D75R32,145,24,1,d,c
D75R32,145,24,2,d,d
D75R32,145,24,3,d,d
D75R32,145,24,4,d,d
D75R32,145,25,1,d,d
D75R32,145,25,2,d,d
D75R32,145,25,3,c,d
D75R32,145,25,4,d,d
D75R32,145,25,5,d,d
D75R32,145,25,6,d,d
D75R32,145,25,7,d,d
D75R32,145,25,8,d,d
D75R32,145,26,1,c,c
D75R32,145,26,2,c,c
D75R32,145,26,3,c,c
D75R32,145,26,4,c,c
D75R32,145,26,5,c,c
D75R32,145,27,1,c,d
D75R32,145,27,2,c,d
D75R32,145,27,3,c,d
D75R32,145,27,4,d,d
D75R32,145,27,5,d,d
D75R32,145,28,1,c,d
D75R32,145,28,2,c,c
D75R32,145,29,1,c,d
D75R32,145,29,2,c,c
D75R32,145,29,3,c,d
D75R32,145,29,4,c,c
D75R32,145,29,5,c,d
D75R32,145,29,6,d,c
D75R32,145,29,7,c,d
D75R32,145,29,8,c,c
D75R32,145,29,9,c,d
D75R32,145,29,10,c,c
D75R32,145,29,11,c,d
D75R32,145,29,12,c,c
D75R32,145,29,13,c,d
D75R32,145,29,14,d,c
D75R32,145,29,15,d,d
D75R32,145,29,16,d,c
D75R32,145,29,17,d,d
D75R32,145,29,18,d,c
D75R32,145,29,19,d,d
D75R32,145,29,20,d,d
D75R32,145,29,21,c,d
D75R32,145,29,22,d,c
D75R32,145,29,23,d,d
D75R32,146,23,1,d,d
D75R32,146,23,2,d,d
D75R32,146,23,3,d,d
D75R32,146,23,4,d,d
D75R32,146,24,1,d,c
D75R32,146,24,2,c,d
D75R32,146,24,3,c,c
D75R32,146,24,4,c,c
D75R32,146,25,1,c,d
D75R32,146,25,2,d,d
D75R32,146,25,3,c,d
D75R32,146,25,4,d,d
D75R32,146,25,5,d,d
D75R32,146,25,6,d,d
D75R32,146,25,7,d,d
D75R32,146,25,8,d,d
D75R32,146,26,1,c,d
D75R32,146,26,2,d,d
D75R32,146,26,3,d,d
D75R32,146,26,4,d,d
D75R32,146,26,5,d,d
D75R32,146,27,1,d,d
D75R32,146,27,2,d,d
D75R32,146,27,3,d,d
D75R32,146,27,4,d,d
D75R32,146,27,5,d,d
D75R32,146,28,1,d,c
D75R32,146,28,2,c,d
D75R32,146,29,1,d,d
D75R32,146,29,2,d,d
D75R32,146,29,3,d,d
D75R32,146,29,4,d,d
D75R32,146,29,5,d,d
D75R32,146,29,6,d,d
D75R32,146,29,7,d,d
D75R32,146,29,8,d,d
D75R32,146,29,9,d,d
D75R32,146,29,10,d,d
D75R32,146,29,11,d,d
D75R32,146,29,12,d,d
D75R32,146,29,13,d,d
D75R32,146,29,14,d,d
D75R32,146,29,15,d,d
D75R32,146,29,16,d,d
D75R32,146,29,17,d,d
D75R32,146,29,18,d,d
D75R32,146,29,19,d,d
D75R32,146,29,20,d,d
D75R32,146,29,21,d,d
D75R32,146,29,22,d,d
D75R32,146,29,23,d,d
D75R32,147,23,1,c,d
D75R32,147,23,2,d,d
D75R32,147,23,3,d,d
D75R32,147,23,4,d,d
D75R32,147,24,1,d,d
D75R32,147,24,2,d,c
D75R32,147,24,3,d,d
D75R32,147,24,4,d,d
D75R32,147,25,1,d,d
D75R32,147,25,2,d,d
D75R32,147,25,3,d,c
D75R32,147,25,4,d,d
D75R32,147,25,5,d,d
D75R32,147,25,6,d,d
D75R32,147,25,7,d,d
D75R32,147,25,8,d,d
D75R32,147,26,1,d,c
D75R32,147,26,2,d,d
D75R32,147,26,3,d,d
D75R32,147,26,4,d,d
D75R32,147,26,5,d,d
D75R32,147,27,1,c,d
D75R32,147,27,2,d,d
D75R32,147,27,3,d,d
D75R32,147,27,4,d,d
D75R32,147,27,5,d,d
D75R32,147,28,1,d,c
D75R32,147,28,2,d,c
D75R32,147,29,1,d,d
D75R32,147,29,2,d,d
D75R32,147,29,3,d,d
D75R32,147,29,4,d,d
D75R32,147,29,5,d,d
D75R32,147,29,6,d,d
D75R32,147,29,7,d,d
D75R32,147,29,8,d,d
D75R32,147,29,9,d,d
D75R32,147,29,10,d,d
D75R32,147,29,11,d,d
D75R32,147,29,12,d,d
D75R32,147,29,13,d,d
D75R32,147,29,14,d,d
D75R32,147,29,15,d,d
D75R32,147,29,16,d,d
D75R32,147,29,17,d,d
D75R32,147,29,18,d,d
D75R32,147,29,19,d,d
D75R32,147,29,20,d,d
D75R32,147,29,21,d,d
D75R32,147,29,22,d,d
D75R32,147,29,23,d,d
D75R32,148,23,1,d,d
D75R32,148,23,2,d,c
D75R32,148,23,3,d,d
D75R32,148,23,4,d,d
D75R32,148,24,1,d,d
D75R32,148,24,2,d,c
D75R32,148,24,3,d,d
D75R32,148,24,4,d,d
D75R32,148,25,1,d,c
D75R32,148,25,2,d,d
D75R32,148,25,3,d,c
D75R32,148,25,4,d,d
D75R32,148,25,5,d,d
D75R32,148,25,6,d,d
D75R32,148,25,7,d,d
D75R32,148,25,8,d,d
D75R32,148,26,1,d,d
D75R32,148,26,2,d,d
D75R32,148,26,3,d,d
D75R32,148,26,4,d,d
D75R32,148,26,5,d,d
D75R32,148,27,1,d,c
D75R32,148,27,2,d,d
D75R32,148,27,3,d,d
D75R32,148,27,4,d,d
D75R32,148,27,5,d,d
D75R32,148,28,1,d,c
D75R32,148,28,2,d,d
D75R32,148,29,1,d,d
D75R32,148,29,2,d,d
D75R32,148,29,3,d,d
D75R32,148,29,4,d,c
D75R32,148,29,5,d,d
D75R32,148,29,6,d,d
D75R32,148,29,7,d,d
D75R32,148,29,8,d,d
D75R32,148,29,9,d,d
D75R32,148,29,10,d,d
D75R32,148,29,11,d,d
D75R32,148,29,12,d,d
D75R32,148,29,13,d,d
D75R32,148,29,14,d,d
D75R32,148,29,15,d,d
D75R32,148,29,16,d,d
D75R32,148,29,17,d,d
D75R32,148,29,18,d,d
D75R32,148,29,19,d,d
D75R32,148,29,20,d,d
D75R32,148,29,21,d,d
D75R32,148,29,22,d,d
D75R32,148,29,23,d,d
D75R32,149,23,1,d,c
D75R32,149,23,2,c,d
D75R32,149,23,3,d,d
D75R32,149,23,4,d,d
D75R32,149,24,1,c,c
D75R32,149,24,2,c,c
D75R32,149,24,3,c,c
D75R32,149,24,4,c,c
D75R32,149,25,1,c,d
D75R32,149,25,2,d,d
D75R32,149,25,3,d,d
D75R32,149,25,4,d,d
D75R32,149,25,5,d,d
D75R32,149,25,6,d,d
D75R32,149,25,7,d,d
D75R32,149,25,8,d,d
D75R32,149,26,1,c,c
D75R32,149,26,2,c,c
D75R32,149,26,3,c,c
D75R32,149,26,4,c,c
D75R32,149,26,5,c,c
D75R32,149,27,1,c,c
D75R32,149,27,2,c,c
D75R32,149,27,3,c,c
D75R32,149,27,4,c,c
D75R32,149,27,5,c,c
D75R32,149,28,1,c,c
D75R32,149,28,2,c,c
D75R32,149,29,1,c,c
D75R32,149,29,2,c,c
D75R32,149,29,3,c,c
D75R32,149,29,4,c,c
D75R32,149,29,5,c,c
D75R32,149,29,6,c,d
D75R32,149,29,7,d,c
D75R32,149,29,8,d,c
D75R32,149,29,9,c,d
D75R32,149,29,10,d,c
D75R32,149,29,11,d,d
D75R32,149,29,12,d,d
D75R32,149,29,13,d,d
D75R32,149,29,14,d,d
D75R32,149,29,15,d,d
D75R32,149,29,16,d,d
D75R32,149,29,17,d,d
D75R32,149,29,18,d,d
D75R32,149,29,19,d,c
D75R32,149,29,20,c,d
D75R32,149,29,21,c,c
D75R32,149,29,22,c,c
D75R32,149,29,23,c,c
D75R32,150,23,1,d,d
D75R32,150,23,2,c,d
D75R32,150,23,3,d,d
D75R32,150,23,4,d,d
D75R32,150,24,1,d,d
D75R32,150,24,2,d,d
D75R32,150,24,3,d,d
D75R32,150,24,4,d,d
D75R32,150,25,1,c,c
D75R32,150,25,2,c,c
D75R32,150,25,3,c,c
D75R32,150,25,4,c,c
D75R32,150,25,5,c,c
D75R32,150,25,6,c,c
D75R32,150,25,7,c,c
D75R32,150,25,8,c,c
D75R32,150,26,1,d,d
D75R32,150,26,2,c,c
D75R32,150,26,3,c,c
D75R32,150,26,4,c,c
D75R32,150,26,5,c,c
D75R32,150,27,1,d,c
D75R32,150,27,2,c,d
D75R32,150,27,3,d,c
D75R32,150,27,4,c,d
D75R32,150,27,5,d,d
D75R32,150,28,1,d,c
D75R32,150,28,2,c,c
D75R32,150,29,1,d,c
D75R32,150,29,2,c,c
D75R32,150,29,3,d,c
D75R32,150,29,4,c,c
D75R32,150,29,5,d,c
D75R32,150,29,6,c,d
D75R32,150,29,7,d,c
D75R32,150,29,8,c,c
D75R32,150,29,9,d,c
D75R32,150,29,10,c,c
D75R32,150,29,11,d,c
D75R32,150,29,12,c,c
D75R32,150,29,13,d,c
D75R32,150,29,14,c,d
D75R32,150,29,15,d,d
D75R32,150,29,16,c,d
D75R32,150,29,17,d,d
D75R32,150,29,18,c,d
D75R32,150,29,19,d,d
D75R32,150,29,20,d,d
D75R32,150,29,21,d,c
D75R32,150,29,22,c,d
D75R32,150,29,23,d,d
D75R32,151,23,1,d,d
D75R32,151,23,2,d,d
D75R32,151,23,3,d,d
D75R32,151,23,4,d,d
D75R32,151,24,1,d,d
D75R32,151,24,2,d,d
D75R32,151,24,3,d,d
D75R32,151,24,4,d,d
D75R32,151,25,1,d,d
D75R32,151,25,2,d,d
D75R32,151,25,3,d,d
D75R32,151,25,4,d,d
D75R32,151,25,5,d,d
D75R32,151,25,6,d,d
D75R32,151,25,7,d,d
D75R32,151,25,8,d,d
D75R32,151,26,1,d,c
D75R32,151,26,2,d,d
D75R32,151,26,3,d,d
D75R32,151,26,4,d,d
D75R32,151,26,5,d,d
D75R32,151,27,1,d,c
D75R32,151,27,2,d,c
D75R32,151,27,3,d,c
D75R32,151,27,4,d,d
D75R32,151,27,5,d,d
D75R32,151,28,1,d,d
D75R32,151,28,2,d,d
D75R32,151,29,1,d,c
D75R32,151,29,2,d,d
D75R32,151,29,3,d,d
D75R32,151,29,4,d,d
D75R32,151,29,5,d,d
D75R32,151,29,6,d,d
D75R32,151,29,7,d,d
D75R32,151,29,8,d,d
D75R32,151,29,9,d,d
D75R32,151,29,10,d,d
D75R32,151,29,11,d,d
D75R32,151,29,12,d,d
D75R32,151,29,13,d,d
D75R32,151,29,14,d,d
D75R32,151,29,15,d,d
D75R32,151,29,16,d,d
D75R32,151,29,17,d,d
D75R32,151,29,18,d,d
D75R32,151,29,19,d,d
D75R32,151,29,20,d,d
D75R32,151,29,21,d,d
D75R32,151,29,22,d,d
D75R32,151,29,23,d,d
D75R32,152,23,1,d,d
D75R32,152,23,2,d,d
D75R32,152,23,3,d,d
D75R32,152,23,4,d,d
D75R32,152,24,1,d,d
D75R32,152,24,2,d,d
D75R32,152,24,3,d,d
D75R32,152,24,4,d,d
D75R32,152,25,1,d,c
D75R32,152,25,2,d,d
D75R32,152,25,3,d,d
D75R32,152,25,4,d,d
D75R32,152,25,5,d,d
D75R32,152,25,6,d,d
D75R32,152,25,7,d,d
D75R32,152,25,8,d,d
D75R32,152,26,1,d,d
D75R32,152,26,2,d,d
D75R32,152,26,3,d,d
D75R32,152,26,4,d,d
D75R32,152,26,5,d,d
D75R32,152,27,1,d,c
D75R32,152,27,2,c,d
D75R32,152,27,3,d,c
D75R32,152,27,4,c,d
D75R32,152,27,5,c,c
D75R32,152,28,1,c,d
D75R32,152,28,2,c,d
D75R32,152,29,1,c,c
D75R32,152,29,2,c,c
D75R32,152,29,3,c,c
D75R32,152,29,4,c,c
D75R32,152,29,5,c,c
D75R32,152,29,6,c,c
D75R32,152,29,7,c,c
D75R32,152,29,8,c,c
D75R32,152,29,9,c,c
D75R32,152,29,10,c,c
D75R32,152,29,11,c,c
D75R32,152,29,12,c,c
D75R32,152,29,13,c,c
D75R32,152,29,14,c,c
D75R32,152,29,15,c,c
D75R32,152,29,16,c,c
D75R32,152,29,17,c,c
D75R32,152,29,18,c,c
D75R32,152,29,19,c,c
D75R32,152,29,20,c,c
D75R32,152,29,21,c,c
D75R32,152,29,22,c,c
D75R32,152,29,23,c,c
D75R32,153,23,1,d,c
D75R32,153,23,2,d,d
D75R32,153,23,3,d,d
D75R32,153,23,4,d,d
D75R32,153,24,1,d,d
D75R32,153,24,2,d,d
D75R32,153,24,3,d,d
D75R32,153,24,4,d,d
D75R32,153,25,1,d,d
D75R32,153,25,2,d,d
D75R32,153,25,3,d,d
D75R32,153,25,4,d,d
D75R32,153,25,5,d,d
D75R32,153,25,6,d,d
D75R32,153,25,7,d,d
D75R32,153,25,8,d,d
D75R32,153,26,1,d,d
D75R32,153,26,2,d,d
D75R32,153,26,3,d,d
D75R32,153,26,4,d,d
D75R32,153,26,5,d,d
D75R32,153,27,1,d,d
D75R32,153,27,2,d,d
D75R32,153,27,3,d,d
D75R32,153,27,4,d,d
D75R32,153,27,5,d,d
D75R32,153,28,1,d,c
D75R32,153,28,2,d,d
D75R32,153,29,1,d,c
D75R32,153,29,2,d,d
D75R32,153,29,3,d,d
D75R32,153,29,4,d,d
D75R32,153,29,5,d,d
D75R32,153,29,6,d,d
D75R32,153,29,7,d,d
D75R32,153,29,8,d,d
D75R32,153,29,9,d,d
D75R32,153,29,10,d,d
D75R32,153,29,11,d,d
D75R32,153,29,12,d,d
D75R32,153,29,13,d,d
D75R32,153,29,14,d,d
D75R32,153,29,15,d,d
D75R32,153,29,16,d,d
D75R32,153,29,17,d,d
D75R32,153,29,18,d,d
D75R32,153,29,19,d,d
D75R32,153,29,20,d,d
D75R32,153,29,21,d,d
D75R32,153,29,22,d,d
D75R32,153,29,23,d,d
D75R32,154,23,1,d,d
D75R32,154,23,2,d,d
D75R32,154,23,3,d,d
D75R32,154,23,4,d,d
D75R32,154,24,1,d,d
D75R32,154,24,2,c,d
D75R32,154,24,3,d,d
D75R32,154,24,4,d,d
D75R32,154,25,1,d,d
D75R32,154,25,2,d,d
D75R32,154,25,3,d,d
D75R32,154,25,4,d,d
D75R32,154,25,5,d,d
D75R32,154,25,6,d,d
D75R32,154,25,7,d,d
D75R32,154,25,8,d,d
D75R32,154,26,1,d,d
D75R32,154,26,2,c,c
D75R32,154,26,3,c,c
D75R32,154,26,4,c,c
D75R32,154,26,5,c,c
D75R32,154,27,1,c,d
D75R32,154,27,2,d,c
D75R32,154,27,3,c,d
D75R32,154,27,4,d,c
D75R32,154,27,5,d,d
D75R32,154,28,1,d,d
D75R32,154,28,2,d,d
D75R32,154,29,1,d,d
D75R32,154,29,2,d,d
D75R32,154,29,3,d,d
D75R32,154,29,4,c,d
D75R32,154,29,5,d,d
D75R32,154,29,6,d,d
D75R32,154,29,7,d,d
D75R32,154,29,8,d,d
D75R32,154,29,9,d,d
D75R32,154,29,10,d,d
D75R32,154,29,11,d,d
D75R32,154,29,12,d,d
D75R32,154,29,13,d,d
D75R32,154,29,14,d,d
D75R32,154,29,15,d,d
D75R32,154,29,16,d,d
D75R32,154,29,17,d,d
D75R32,154,29,18,d,d
D75R32,154,29,19,d,d
D75R32,154,29,20,d,d
D75R32,154,29,21,d,d
D75R32,154,29,22,d,d
D75R32,154,29,23,d,d
D75R32,155,23,1,d,d
D75R32,155,24,1,d,c
D75R32,155,24,2,d,c
D75R32,155,24,3,d,d
D75R32,155,25,1,d,c
D75R32,155,26,1,c,d
D75R32,155,27,1,d,d
D75R32,155,27,2,d,d
D75R32,155,27,3,d,d
D75R32,155,27,4,d,d
D75R32,155,28,1,d,d
D75R32,155,28,2,d,d
D75R32,155,28,3,d,d
D75R32,155,28,4,d,d
D75R32,155,28,5,d,d
D75R32,155,28,6,d,d
D75R32,155,28,7,d,d
D75R32,155,28,8,d,d
D75R32,155,29,1,d,d
D75R32,155,29,2,d,d
D75R32,155,29,3,d,d
D75R32,155,30,1,d,d
D75R32,155,31,1,d,d
D75R32,155,32,1,d,d
D75R32,155,32,2,d,d
D75R32,155,32,3,d,d
D75R32,155,32,4,d,d
D75R32,155,32,5,d,d
D75R32,155,32,6,d,d
D75R32,155,32,7,d,d
D75R32,155,32,8,d,d
D75R32,155,32,9,d,d
D75R32,155,33,1,d,d
D75R32,155,33,2,d,d
D75R32,155,33,3,d,d
D75R32,155,33,4,d,d
D75R32,155,33,5,d,d
D75R32,155,33,6,d,d
D75R32,155,33,7,d,d
D75R32,155,33,8,d,d
D75R32,155,33,9,d,d
D75R32,156,23,1,d,d
D75R32,156,24,1,d,d
D75R32,156,24,2,d,d
D75R32,156,24,3,d,d
D75R32,156,25,1,d,d
D75R32,156,26,1,d,d
D75R32,156,27,1,d,d
D75R32,156,27,2,d,d
D75R32,156,27,3,d,d
D75R32,156,27,4,d,d
D75R32,156,28,1,d,d
D75R32,156,28,2,d,d
D75R32,156,28,3,d,d
D75R32,156,28,4,d,d
D75R32,156,28,5,d,d
D75R32,156,28,6,d,d
D75R32,156,28,7,d,d
D75R32,156,28,8,d,d
D75R32,156,29,1,d,c
D75R32,156,29,2,d,c
D75R32,156,29,3,d,d
D75R32,156,30,1,d,d
D75R32,156,31,1,d,d
D75R32,156,32,1,d,d
D75R32,156,32,2,d,d
D75R32,156,32,3,d,d
D75R32,156,32,4,d,d
D75R32,156,32,5,d,d
D75R32,156,32,6,d,c
D75R32,156,32,7,d,c
D75R32,156,32,8,d,d
D75R32,156,32,9,d,d
D75R32,156,33,1,d,c
D75R32,156,33,2,d,c
D75R32,156,33,3,d,d
D75R32,156,33,4,d,d
D75R32,156,33,5,d,d
D75R32,156,33,6,d,d
D75R32,156,33,7,d,d
D75R32,156,33,8,d,d
D75R32,156,33,9,d,d
D75R32,157,23,1,d,d
D75R32,157,24,1,d,c
D75R32,157,24,2,d,c
D75R32,157,24,3,d,d
D75R32,157,25,1,d,c
D75R32,157,26,1,d,d
D75R32,157,27,1,d,d
D75R32,157,27,2,d,d
D75R32,157,27,3,d,d
D75R32,157,27,4,d,d
D75R32,157,28,1,d,d
D75R32,157,28,2,d,d
D75R32,157,28,3,d,d
D75R32,157,28,4,d,d
D75R32,157,28,5,d,d
D75R32,157,28,6,d,d
D75R32,157,28,7,d,d
D75R32,157,28,8,d,d
D75R32,157,29,1,d,d
D75R32,157,29,2,d,d
D75R32,157,29,3,d,d
D75R32,157,30,1,d,d
D75R32,157,31,1,d,d
D75R32,157,32,1,d,c
D75R32,157,32,2,d,c
D75R32,157,32,3,d,d
D75R32,157,32,4,d,d
D75R32,157,32,5,d,d
D75R32,157,32,6,d,d
D75R32,157,32,7,d,d
D75R32,157,32,8,d,d
D75R32,157,32,9,d,d
D75R32,157,33,1,d,d
D75R32,157,33,2,d,d
D75R32,157,33,3,d,d
D75R32,157,33,4,d,d
D75R32,157,33,5,d,d
D75R32,157,33,6,d,c
D75R32,157,33,7,d,d
D75R32,157,33,8,d,d
D75R32,157,33,9,d,d
D75R32,158,23,1,d,d
D75R32,158,24,1,d,d
D75R32,158,24,2,d,d
D75R32,158,24,3,d,d
D75R32,158,25,1,d,d
D75R32,158,26,1,d,d
D75R32,158,27,1,d,d
D75R32,158,27,2,d,d
D75R32,158,27,3,d,d
D75R32,158,27,4,d,d
D75R32,158,28,1,d,d
D75R32,158,28,2,d,d
D75R32,158,28,3,d,d
D75R32,158,28,4,d,d
D75R32,158,28,5,d,d
D75R32,158,28,6,d,d
D75R32,158,28,7,d,d
D75R32,158,28,8,d,d
D75R32,158,29,1,d,d
D75R32,158,29,2,d,d
D75R32,158,29,3,d,d
D75R32,158,30,1,d,d
D75R32,158,31,1,d,c
D75R32,158,32,1,d,d
D75R32,158,32,2,d,d
D75R32,158,32,3,d,d
D75R32,158,32,4,d,d
D75R32,158,32,5,d,d
D75R32,158,32,6,d,d
D75R32,158,32,7,d,d
D75R32,158,32,8,d,d
D75R32,158,32,9,d,d
D75R32,158,33,1,d,d
D75R32,158,33,2,d,d
D75R32,158,33,3,d,d
D75R32,158,33,4,d,d
D75R32,158,33,5,d,d
D75R32,158,33,6,c,d
D75R32,158,33,7,d,d
D75R32,158,33,8,d,d
D75R32,158,33,9,d,d
D75R32,159,23,1,d,d
D75R32,159,24,1,d,d
D75R32,159,24,2,d,d
D75R32,159,24,3,d,d
D75R32,159,25,1,d,d
D75R32,159,26,1,d,d
D75R32,159,27,1,d,d
D75R32,159,27,2,d,d
D75R32,159,27,3,d,d
D75R32,159,27,4,d,d
D75R32,159,28,1,d,d
D75R32,159,28,2,d,d
D75R32,159,28,3,d,d
D75R32,159,28,4,d,d
D75R32,159,28,5,d,d
D75R32,159,28,6,d,d
D75R32,159,28,7,d,d
D75R32,159,28,8,d,d
D75R32,159,29,1,d,d
D75R32,159,29,2,d,d
D75R32,159,29,3,d,d
D75R32,159,30,1,d,d
D75R32,159,31,1,d,d
D75R32,159,32,1,c,d
D75R32,159,32,2,c,d
D75R32,159,32,3,d,d
D75R32,159,32,4,d,d
D75R32,159,32,5,d,d
D75R32,159,32,6,d,d
D75R32,159,32,7,d,d
D75R32,159,32,8,d,d
D75R32,159,32,9,d,d
D75R32,159,33,1,d,c
D75R32,159,33,2,d,c
D75R32,159,33,3,d,d
D75R32,159,33,4,d,d
D75R32,159,33,5,d,d
D75R32,159,33,6,d,d
D75R32,159,33,7,d,d
D75R32,159,33,8,d,d
D75R32,159,33,9,d,d
D75R32,160,23,1,d,d
D75R32,160,24,1,d,d
D75R32,160,24,2,d,d
D75R32,160,24,3,d,d
D75R32,160,25,1,d,d
D75R32,160,26,1,d,d
D75R32,160,27,1,d,d
D75R32,160,27,2,d,d
D75R32,160,27,3,d,d
D75R32,160,27,4,d,d
D75R32,160,28,1,d,d
D75R32,160,28,2,d,d
D75R32,160,28,3,d,d
D75R32,160,28,4,d,d
D75R32,160,28,5,d,d
D75R32,160,28,6,d,c
D75R32,160,28,7,c,c
D75R32,160,28,8,c,c
D75R32,160,29,1,d,d
D75R32,160,29,2,d,d
D75R32,160,29,3,d,d
D75R32,160,30,1,d,c
D75R32,160,31,1,d,d
D75R32,160,32,1,d,d
D75R32,160,32,2,d,d
D75R32,160,32,3,d,d
D75R32,160,32,4,d,d
D75R32,160,32,5,d,d
D75R32,160,32,6,d,d
D75R32,160,32,7,d,d
D75R32,160,32,8,d,d
D75R32,160,32,9,d,d
D75R32,160,33,1,d,d
D75R32,160,33,2,d,d
D75R32,160,33,3,d,d
D75R32,160,33,4,d,d
D75R32,160,33,5,d,d
D75R32,160,33,6,d,d
D75R32,160,33,7,d,d
D75R32,160,33,8,d,d
D75R32,160,33,9,d,d
D75R32,161,23,1,c,d
D75R32,161,24,1,d,c
D75R32,161,24,2,d,c
D75R32,161,24,3,d,d
D75R32,161,25,1,d,d
D75R32,161,26,1,d,d
D75R32,161,27,1,d,d
D75R32,161,27,2,d,d
D75R32,161,27,3,d,d
D75R32,161,27,4,d,d
D75R32,161,28,1,d,c
D75R32,161,28,2,d,c
D75R32,161,28,3,d,d
D75R32,161,28,4,d,d
D75R32,161,28,5,d,d
D75R32,161,28,6,d,d
D75R32,161,28,7,d,d
D75R32,161,28,8,d,d
D75R32,161,29,1,d,d
D75R32,161,29,2,d,d
D75R32,161,29,3,d,d
D75R32,161,30,1,d,d
D75R32,161,31,1,d,d
D75R32,161,32,1,d,c
D75R32,161,32,2,d,c
D75R32,161,32,3,d,d
D75R32,161,32,4,d,d
D75R32,161,32,5,d,d
D75R32,161,32,6,d,d
D75R32,161,32,7,d,d
D75R32,161,32,8,d,d
D75R32,161,32,9,d,d
D75R32,161,33,1,d,c
D75R32,161,33,2,d,d
D75R32,161,33,3,d,d
D75R32,161,33,4,d,d
D75R32,161,33,5,d,d
D75R32,161,33,6,d,d
D75R32,161,33,7,d,d
D75R32,161,33,8,d,d
D75R32,161,33,9,d,d
D75R32,162,23,1,c,d
D75R32,162,24,1,c,d
D75R32,162,24,2,c,d
D75R32,162,24,3,d,d
D75R32,162,25,1,c,d
D75R32,162,26,1,c,d
D75R32,162,27,1,c,c
D75R32,162,27,2,c,c
D75R32,162,27,3,c,c
D75R32,162,27,4,c,c
D75R32,162,28,1,c,d
D75R32,162,28,2,c,d
D75R32,162,28,3,d,d
D75R32,162,28,4,d,d
D75R32,162,28,5,d,d
D75R32,162,28,6,d,d
D75R32,162,28,7,d,d
D75R32,162,28,8,d,d
D75R32,162,29,1,c,d
D75R32,162,29,2,c,d
D75R32,162,29,3,d,d
D75R32,162,30,1,c,d
D75R32,162,31,1,c,d
D75R32,162,32,1,c,d
D75R32,162,32,2,c,d
D75R32,162,32,3,d,c
D75R32,162,32,4,c,c
D75R32,162,32,5,c,c
D75R32,162,32,6,c,c
D75R32,162,32,7,c,c
D75R32,162,32,8,c,c
D75R32,162,32,9,c,c
D75R32,162,33,1,c,d
D75R32,162,33,2,c,d
D75R32,162,33,3,d,d
D75R32,162,33,4,d,d
D75R32,162,33,5,d,d
D75R32,162,33,6,d,d
D75R32,162,33,7,d,d
D75R32,162,33,8,d,d
D75R32,162,33,9,d,d
D75R32,163,23,1,d,d
D75R32,163,24,1,d,d
D75R32,163,24,2,d,d
D75R32,163,24,3,d,d
D75R32,163,25,1,d,d
D75R32,163,26,1,d,c
D75R32,163,27,1,d,d
D75R32,163,27,2,d,d
D75R32,163,27,3,d,d
D75R32,163,27,4,d,d
D75R32,163,28,1,d,d
D75R32,163,28,2,d,d
D75R32,163,28,3,d,d
D75R32,163,28,4,d,d
D75R32,163,28,5,d,d
D75R32,163,28,6,d,d
D75R32,163,28,7,d,d
D75R32,163,28,8,d,d
D75R32,163,29,1,d,d
D75R32,163,29,2,d,d
D75R32,163,29,3,d,d
D75R32,163,30,1,d,c
D75R32,163,31,1,d,d
D75R32,163,32,1,d,c
D75R32,163,32,2,d,c
D75R32,163,32,3,d,d
D75R32,163,32,4,d,d
D75R32,163,32,5,d,d
D75R32,163,32,6,d,d
D75R32,163,32,7,d,d
D75R32,163,32,8,d,d
D75R32,163,32,9,d,d
D75R32,163,33,1,d,d
D75R32,163,33,2,d,d
D75R32,163,33,3,d,d
D75R32,163,33,4,d,d
D75R32,163,33,5,d,d
D75R32,163,33,6,d,d
D75R32,163,33,7,d,d
D75R32,163,33,8,d,d
D75R32,163,33,9,d,d
D75R32,164,23,1,c,c
D75R32,164,24,1,c,d
D75R32,164,24,2,c,d
D75R32,164,24,3,d,d
D75R32,164,25,1,c,d
D75R32,164,26,1,c,d
D75R32,164,27,1,c,c
D75R32,164,27,2,c,c
D75R32,164,27,3,c,c
D75R32,164,27,4,c,c
D75R32,164,28,1,c,d
D75R32,164,28,2,c,c
D75R32,164,28,3,c,c
D75R32,164,28,4,c,c
D75R32,164,28,5,c,c
D75R32,164,28,6,c,c
D75R32,164,28,7,c,c
D75R32,164,28,8,c,c
D75R32,164,29,1,c,c
D75R32,164,29,2,c,c
D75R32,164,29,3,c,c
D75R32,164,30,1,c,c
D75R32,164,31,1,c,d
D75R32,164,32,1,c,d
D75R32,164,32,2,c,d
D75R32,164,32,3,d,d
D75R32,164,32,4,d,d
D75R32,164,32,5,d,d
D75R32,164,32,6,d,d
D75R32,164,32,7,d,d
D75R32,164,32,8,d,d
D75R32,164,32,9,d,d
D75R32,164,33,1,c,d
D75R32,164,33,2,d,d
D75R32,164,33,3,d,d
D75R32,164,33,4,d,d
D75R32,164,33,5,d,d
D75R32,164,33,6,d,d
D75R32,164,33,7,d,d
D75R32,164,33,8,d,d
D75R32,164,33,9,d,d
D75R32,165,23,1,c,d
D75R32,165,24,1,c,d
D75R32,165,24,2,c,d
D75R32,165,24,3,c,d
D75R32,165,25,1,c,d
D75R32,165,26,1,c,d
D75R32,165,27,1,c,d
D75R32,165,27,2,c,d
D75R32,165,27,3,d,d
D75R32,165,27,4,d,d
D75R32,165,28,1,d,c
D75R32,165,28,2,c,c
D75R32,165,28,3,c,c
D75R32,165,28,4,c,c
D75R32,165,28,5,c,c
D75R32,165,28,6,c,c
D75R32,165,28,7,c,c
D75R32,165,28,8,c,c
D75R32,165,29,1,c,d
D75R32,165,29,2,c,d
D75R32,165,29,3,d,d
D75R32,165,30,1,c,d
D75R32,165,31,1,d,d
D75R32,165,32,1,d,d
D75R32,165,32,2,d,d
D75R32,165,32,3,d,d
D75R32,165,32,4,d,d
D75R32,165,32,5,d,d
D75R32,165,32,6,c,d
D75R32,165,32,7,c,d
D75R32,165,32,8,d,d
D75R32,165,32,9,d,d
D75R32,165,33,1,d,d
D75R32,165,33,2,c,d
D75R32,165,33,3,c,d
D75R32,165,33,4,d,d
D75R32,165,33,5,d,d
D75R32,165,33,6,d,d
D75R32,165,33,7,d,d
D75R32,165,33,8,d,d
D75R32,165,33,9,d,d
D75R32,166,23,1,d,c
D75R32,166,24,1,d,d
D75R32,166,24,2,d,d
D75R32,166,24,3,d,d
D75R32,166,25,1,d,d
D75R32,166,26,1,d,d
D75R32,166,27,1,d,d
D75R32,166,27,2,d,d
D75R32,166,27,3,d,d
D75R32,166,27,4,d,d
D75R32,166,28,1,d,c
D75R32,166,28,2,d,c
D75R32,166,28,3,d,d
D75R32,166,28,4,d,d
D75R32,166,28,5,d,d
D75R32,166,28,6,d,d
D75R32,166,28,7,d,d
D75R32,166,28,8,d,d
D75R32,166,29,1,d,d
D75R32,166,29,2,d,d
D75R32,166,29,3,d,d
D75R32,166,30,1,d,d
D75R32,166,31,1,d,c
D75R32,166,32,1,d,d
D75R32,166,32,2,d,d
D75R32,166,32,3,d,d
D75R32,166,32,4,d,d
D75R32,166,32,5,d,d
D75R32,166,32,6,d,d
D75R32,166,32,7,d,d
D75R32,166,32,8,d,d
D75R32,166,32,9,d,d
D75R32,166,33,1,d,d
D75R32,166,33,2,d,d
D75R32,166,33,3,d,d
D75R32,166,33,4,d,d
D75R32,166,33,5,d,d
D75R32,166,33,6,d,d
D75R32,166,33,7,d,d
D75R32,166,33,8,d,d
D75R32,166,33,9,d,d
D75R32,167,23,1,c,c
D75R32,167,24,1,c,d
D75R32,167,24,2,c,d
D75R32,167,24,3,d,d
D75R32,167,25,1,d,d
D75R32,167,26,1,d,c
D75R32,167,27,1,d,d
D75R32,167,27,2,d,d
D75R32,167,27,3,d,d
D75R32,167,27,4,d,d
D75R32,167,28,1,c,d
D75R32,167,28,2,c,d
D75R32,167,28,3,d,d
D75R32,167,28,4,d,d
D75R32,167,28,5,d,d
D75R32,167,28,6,d,d
D75R32,167,28,7,d,d
D75R32,167,28,8,d,d
D75R32,167,29,1,c,d
D75R32,167,29,2,c,d
D75R32,167,29,3,d,d
D75R32,167,30,1,c,c
D75R32,167,31,1,c,d
D75R32,167,32,1,c,d
D75R32,167,32,2,c,d
D75R32,167,32,3,d,d
D75R32,167,32,4,d,d
D75R32,167,32,5,d,d
D75R32,167,32,6,d,d
D75R32,167,32,7,d,d
D75R32,167,32,8,d,d
D75R32,167,32,9,d,d
D75R32,167,33,1,c,d
D75R32,167,33,2,c,d
D75R32,167,33,3,d,d
D75R32,167,33,4,d,d
D75R32,167,33,5,d,d
D75R32,167,33,6,d,d
D75R32,167,33,7,d,d
D75R32,167,33,8,d,d
D75R32,167,33,9,d,d
D75R32,168,23,1,d,d
D75R32,168,24,1,d,c
D75R32,168,24,2,d,c
D75R32,168,24,3,d,c
D75R32,168,25,1,d,c
D75R32,168,26,1,d,c
D75R32,168,27,1,d,d
D75R32,168,27,2,d,d
D75R32,168,27,3,d,d
D75R32,168,27,4,d,d
D75R32,168,28,1,d,d
D75R32,168,28,2,d,d
D75R32,168,28,3,d,d
D75R32,168,28,4,d,d
D75R32,168,28,5,d,d
D75R32,168,28,6,d,d
D75R32,168,28,7,d,d
D75R32,168,28,8,d,d
D75R32,168,29,1,d,c
D75R32,168,29,2,d,c
D75R32,168,29,3,d,d
D75R32,168,30,1,d,c
D75R32,168,31,1,d,d
D75R32,168,32,1,d,d
D75R32,168,32,2,d,d
D75R32,168,32,3,d,d
D75R32,168,32,4,d,d
D75R32,168,32,5,d,d
D75R32,168,32,6,d,d
D75R32,168,32,7,d,d
D75R32,168,32,8,d,d
D75R32,168,32,9,d,d
D75R32,168,33,1,d,d
D75R32,168,33,2,d,d
D75R32,168,33,3,d,d
D75R32,168,33,4,d,d
D75R32,168,33,5,d,d
D75R32,168,33,6,d,d
D75R32,168,33,7,d,d
D75R32,168,33,8,d,d
D75R32,168,33,9,d,d
D75R32,169,23,1,d,c
D75R32,169,24,1,d,d
D75R32,169,24,2,d,d
D75R32,169,24,3,d,d
D75R32,169,25,1,d,d
D75R32,169,26,1,d,c
D75R32,169,27,1,d,c
D75R32,169,27,2,d,c
D75R32,169,27,3,d,d
D75R32,169,27,4,d,d
D75R32,169,28,1,d,d
D75R32,169,28,2,d,d
D75R32,169,28,3,d,d
D75R32,169,28,4,d,d
D75R32,169,28,5,d,d
D75R32,169,28,6,c,d
D75R32,169,28,7,c,c
D75R32,169,28,8,c,c
D75R32,169,29,1,c,c
D75R32,169,29,2,c,c
D75R32,169,29,3,c,c
D75R32,169,30,1,c,d
D75R32,169,31,1,d,d
D75R32,169,32,1,d,c
D75R32,169,32,2,d,c
D75R32,169,32,3,c,d
D75R32,169,32,4,c,c
D75R32,169,32,5,c,c
D75R32,169,32,6,c,c
D75R32,169,32,7,c,c
D75R32,169,32,8,c,c
D75R32,169,32,9,c,c
D75R32,169,33,1,d,d
D75R32,169,33,2,d,c
D75R32,169,33,3,d,c
D75R32,169,33,4,d,d
D75R32,169,33,5,d,d
D75R32,169,33,6,d,d
D75R32,169,33,7,d,d
D75R32,169,33,8,d,d
D75R32,169,33,9,d,d
D75R32,170,23,1,d,c
D75R32,170,24,1,d,d
D75R32,170,24,2,d,d
D75R32,170,24,3,d,d
D75R32,170,25,1,d,d
D75R32,170,26,1,d,d
D75R32,170,27,1,d,d
D75R32,170,27,2,d,d
D75R32,170,27,3,d,d
D75R32,170,27,4,d,d
D75R32,170,28,1,d,d
D75R32,170,28,2,d,d
D75R32,170,28,3,d,d
D75R32,170,28,4,d,d
D75R32,170,28,5,d,d
D75R32,170,28,6,d,d
D75R32,170,28,7,d,d
D75R32,170,28,8,d,d
D75R32,170,29,1,d,c
D75R32,170,29,2,d,c
D75R32,170,29,3,d,d
D75R32,170,30,1,d,d
D75R32,170,31,1,d,c
D75R32,170,32,1,d,d
D75R32,170,32,2,d,d
D75R32,170,32,3,d,d
D75R32,170,32,4,d,d
D75R32,170,32,5,d,d
D75R32,170,32,6,d,d
D75R32,170,32,7,d,d
D75R32,170,32,8,d,d
D75R32,170,32,9,d,d
D75R32,170,33,1,d,d
D75R32,170,33,2,d,d
D75R32,170,33,3,d,d
D75R32,170,33,4,d,d
D75R32,170,33,5,d,d
D75R32,170,33,6,d,d
D75R32,170,33,7,d,d
D75R32,170,33,8,d,d
D75R32,170,33,9,d,d
D75R32,171,24,1,d,d
D75R32,171,24,2,d,d
D75R32,171,25,1,d,c
D75R32,171,25,2,d,c
D75R32,171,25,3,c,c
D75R32,171,26,1,d,d
D75R32,171,26,2,d,d
D75R32,171,26,3,d,d
D75R32,171,27,1,d,c
D75R32,171,27,2,d,d
D75R32,171,27,3,d,d
D75R32,171,27,4,d,d
D75R32,171,27,5,d,d
D75R32,171,27,6,d,d
D75R32,171,27,7,d,d
D75R32,172,24,1,d,d
D75R32,172,24,2,d,d
D75R32,172,25,1,d,c
D75R32,172,25,2,d,d
D75R32,172,25,3,d,d
D75R32,172,26,1,c,d
D75R32,172,26,2,d,d
D75R32,172,26,3,d,d
D75R32,172,27,1,c,d
D75R32,172,27,2,d,d
D75R32,172,27,3,d,d
D75R32,172,27,4,d,d
D75R32,172,27,5,d,d
D75R32,172,27,6,d,d
D75R32,172,27,7,d,d
D75R32,173,24,1,c,d
D75R32,173,24,2,d,c
D75R32,173,25,1,c,d
D75R32,173,25,2,d,d
D75R32,173,25,3,d,d
D75R32,173,26,1,c,d
D75R32,173,26,2,d,d
D75R32,173,26,3,d,d
D75R32,173,27,1,c,d
D75R32,173,27,2,d,c
D75R32,173,27,3,c,d
D75R32,173,27,4,d,d
D75R32,173,27,5,d,c
D75R32,173,27,6,c,d
D75R32,173,27,7,d,c
D75R32,174,24,1,d,d
D75R32,174,24,2,d,d
D75R32,174,25,1,d,d
D75R32,174,25,2,d,d
D75R32,174,25,3,d,d
D75R32,174,26,1,d,c
D75R32,174,26,2,c,c
D75R32,174,26,3,c,c
D75R32,174,27,1,c,d
D75R32,174,27,2,d,c
D75R32,174,27,3,c,d
D75R32,174,27,4,d,c
D75R32,174,27,5,c,d
D75R32,174,27,6,d,c
D75R32,174,27,7,c,c
D75R32,175,24,1,d,d
D75R32,175,24,2,d,d
D75R32,175,25,1,d,d
D75R32,175,25,2,d,d
D75R32,175,25,3,d,d
D75R32,175,26,1,d,d
D75R32,175,26,2,d,d
D75R32,175,26,3,d,d
D75R32,175,27,1,d,d
D75R32,175,27,2,d,d
D75R32,175,27,3,d,d
D75R32,175,27,4,d,d
D75R32,175,27,5,d,d
D75R32,175,27,6,d,d
D75R32,175,27,7,d,d
D75R32,176,24,1,d,d
D75R32,176,24,2,d,c
D75R32,176,25,1,d,d
D75R32,176,25,2,d,d
D75R32,176,25,3,d,d
D75R32,176,26,1,d,d
D75R32,176,26,2,d,c
D75R32,176,26,3,d,c
D75R32,176,27,1,d,d
D75R32,176,27,2,d,d
D75R32,176,27,3,d,d
D75R32,176,27,4,d,d
D75R32,176,27,5,d,d
D75R32,176,27,6,d,d
D75R32,176,27,7,d,d
D75R32,177,24,1,d,d
D75R32,177,24,2,c,d
D75R32,177,25,1,c,d
D75R32,177,25,2,c,d
D75R32,177,25,3,c,c
D75R32,177,26,1,d,d
D75R32,177,26,2,d,d
D75R32,177,26,3,d,d
D75R32,177,27,1,d,d
D75R32,177,27,2,d,d
D75R32,177,27,3,d,d
D75R32,177,27,4,d,d
D75R32,177,27,5,d,d
D75R32,177,27,6,d,d
D75R32,177,27,7,d,d
D75R32,178,24,1,d,d
D75R32,178,24,2,d,d
D75R32,178,25,1,d,d
D75R32,178,25,2,d,d
D75R32,178,25,3,d,d
D75R32,178,26,1,d,c
D75R32,178,26,2,d,d
D75R32,178,26,3,d,d
D75R32,178,27,1,d,d
D75R32,178,27,2,d,d
D75R32,178,27,3,d,d
D75R32,178,27,4,d,d
D75R32,178,27,5,d,d
D75R32,178,27,6,d,d
D75R32,178,27,7,d,d
D75R32,179,24,1,d,c
D75R32,179,24,2,c,d
D75R32,179,25,1,d,d
D75R32,179,25,2,d,d
D75R32,179,25,3,d,d
D75R32,179,26,1,d,d
D75R32,179,26,2,d,c
D75R32,179,26,3,c,d
D75R32,179,27,1,d,d
D75R32,179,27,2,d,d
D75R32,179,27,3,d,d
D75R32,179,27,4,d,d
D75R32,179,27,5,d,d
D75R32,179,27,6,d,d
D75R32,179,27,7,d,d
D75R32,180,24,1,d,d
D75R32,180,24,2,c,d
D75R32,180,25,1,d,d
D75R32,180,25,2,c,d
D75R32,180,25,3,c,c
D75R32,180,26,1,d,d
D75R32,180,26,2,c,d
D75R32,180,26,3,c,d
D75R32,180,27,1,d,d
D75R32,180,27,2,d,d
D75R32,180,27,3,d,d
D75R32,180,27,4,d,d
D75R32,180,27,5,d,d
D75R32,180,27,6,d,d
D75R32,180,27,7,d,d
D75R32,181,24,1,d,d
D75R32,181,24,2,d,d
D75R32,181,25,1,d,d
D75R32,181,25,2,d,c
D75R32,181,25,3,c,c
D75R32,181,26,1,d,d
D75R32,181,26,2,d,d
D75R32,181,26,3,d,d
D75R32,181,27,1,d,d
D75R32,181,27,2,d,d
D75R32,181,27,3,d,d
D75R32,181,27,4,d,d
D75R32,181,27,5,d,d
D75R32,181,27,6,d,d
D75R32,181,27,7,d,d
D75R32,182,24,1,d,d
D75R32,182,24,2,d,d
D75R32,182,25,1,d,c
D75R32,182,25,2,c,c
D75R32,182,25,3,c,c
D75R32,182,26,1,d,d
D75R32,182,26,2,c,d
D75R32,182,26,3,d,c
D75R32,182,27,1,d,c
D75R32,182,27,2,c,d
D75R32,182,27,3,d,c
D75R32,182,27,4,d,d
D75R32,182,27,5,c,d
D75R32,182,27,6,d,c
D75R32,182,27,7,c,d
D75R32,183,24,1,d,d
D75R32,183,24,2,d,d
D75R32,183,25,1,d,d
D75R32,183,25,2,d,d
D75R32,183,25,3,d,d
D75R32,183,26,1,d,c
D75R32,183,26,2,d,d
D75R32,183,26,3,d,d
D75R32,183,27,1,d,d
D75R32,183,27,2,d,d
D75R32,183,27,3,d,d
D75R32,183,27,4,d,d
D75R32,183,27,5,d,d
D75R32,183,27,6,d,d
D75R32,183,27,7,d,d
D75R32,184,24,1,d,d
D75R32,184,24,2,d,c
D75R32,184,25,1,c,d
D75R32,184,25,2,c,c
D75R32,184,25,3,c,c
D75R32,184,26,1,c,d
D75R32,184,26,2,c,c
D75R32,184,26,3,c,c
D75R32,184,27,1,d,c
D75R32,184,27,2,c,d
D75R32,184,27,3,d,c
D75R32,184,27,4,c,d
D75R32,184,27,5,d,c
D75R32,184,27,6,c,d
D75R32,184,27,7,c,c
D75R40,185,31,1,c,c
D75R40,185,31,2,c,c
D75R40,185,31,3,c,c
D75R40,185,31,4,c,c
D75R40,185,31,5,c,d
D75R40,185,31,6,d,c
D75R40,185,32,1,c,c
D75R40,185,32,2,c,c
D75R40,185,32,3,c,c
D75R40,185,32,4,c,c
D75R40,185,32,5,c,c
D75R40,185,32,6,d,c
D75R40,185,32,7,d,d
D75R40,185,32,8,d,d
D75R40,185,32,9,d,d
D75R40,185,33,1,c,c
D75R40,185,33,2,c,c
D75R40,185,33,3,c,c
D75R40,185,33,4,c,c
D75R40,185,33,5,c,c
D75R40,185,34,1,c,c
D75R40,186,31,1,c,c
D75R40,186,31,2,c,c
D75R40,186,31,3,c,c
D75R40,186,31,4,c,c
D75R40,186,31,5,c,c
D75R40,186,31,6,c,c
D75R40,186,32,1,c,c
D75R40,186,32,2,c,c
D75R40,186,32,3,c,c
D75R40,186,32,4,c,c
D75R40,186,32,5,c,c
D75R40,186,32,6,c,c
D75R40,186,32,7,c,c
D75R40,186,32,8,c,c
D75R40,186,32,9,c,c
D75R40,186,33,1,c,c
D75R40,186,33,2,c,c
D75R40,186,33,3,c,c
D75R40,186,33,4,c,c
D75R40,186,33,5,c,c
D75R40,186,34,1,c,c
D75R40,187,31,1,c,c
D75R40,187,31,2,c,c
D75R40,187,31,3,c,c
D75R40,187,31,4,c,c
D75R40,187,31,5,c,c
D75R40,187,31,6,c,c
D75R40,187,32,1,c,c
D75R40,187,32,2,c,c
D75R40,187,32,3,c,c
D75R40,187,32,4,c,c
D75R40,187,32,5,c,c
D75R40,187,32,6,c,d
D75R40,187,32,7,d,d
D75R40,187,32,8,d,d
D75R40,187,32,9,d,d
D75R40,187,33,1,c,c
D75R40,187,33,2,c,c
D75R40,187,33,3,c,d
D75R40,187,33,4,d,c
D75R40,187,33,5,d,c
D75R40,187,34,1,c,c
D75R40,188,31,1,c,c
D75R40,188,31,2,c,c
D75R40,188,31,3,c,c
D75R40,188,31,4,c,c
D75R40,188,31,5,d,c
D75R40,188,31,6,c,d
D75R40,188,32,1,c,c
D75R40,188,32,2,c,c
D75R40,188,32,3,c,c
D75R40,188,32,4,c,c
D75R40,188,32,5,c,c
D75R40,188,32,6,c,c
D75R40,188,32,7,c,c
D75R40,188,32,8,c,c
D75R40,188,32,9,c,c
D75R40,188,33,1,c,c
D75R40,188,33,2,c,c
D75R40,188,33,3,c,c
D75R40,188,33,4,c,c
D75R40,188,33,5,c,c
D75R40,188,34,1,c,c
D75R40,189,31,1,c,c
D75R40,189,31,2,c,c
D75R40,189,31,3,c,c
D75R40,189,31,4,c,c
D75R40,189,31,5,c,c
D75R40,189,31,6,c,c
D75R40,189,32,1,c,c
D75R40,189,32,2,c,c
D75R40,189,32,3,c,c
D75R40,189,32,4,c,c
D75R40,189,32,5,c,c
D75R40,189,32,6,c,c
D75R40,189,32,7,c,c
D75R40,189,32,8,c,c
D75R40,189,32,9,c,c
D75R40,189,33,1,c,c
D75R40,189,33,2,c,c
D75R40,189,33,3,c,c
D75R40,189,33,4,c,c
D75R40,189,33,5,c,c
D75R40,189,34,1,c,c
D75R40,190,31,1,c,c
D75R40,190,31,2,c,c
D75R40,190,31,3,c,c
D75R40,190,31,4,c,c
D75R40,190,31,5,c,c
D75R40,190,31,6,c,c
D75R40,190,32,1,c,c
D75R40,190,32,2,c,c
D75R40,190,32,3,c,c
D75R40,190,32,4,c,c
D75R40,190,32,5,c,c
D75R40,190,32,6,c,c
D75R40,190,32,7,c,c
D75R40,190,32,8,c,c
D75R40,190,32,9,c,c
D75R40,190,33,1,c,c
D75R40,190,33,2,c,c
D75R40,190,33,3,c,c
D75R40,190,33,4,c,c
D75R40,190,33,5,c,c
D75R40,190,34,1,c,c
D75R40,191,31,1,c,c
D75R40,191,31,2,c,c
D75R40,191,31,3,c,c
D75R40,191,31,4,c,c
D75R40,191,31,5,c,c
D75R40,191,31,6,c,c
D75R40,191,32,1,c,c
D75R40,191,32,2,c,c
D75R40,191,32,3,c,c
D75R40,191,32,4,c,c
D75R40,191,32,5,c,c
D75R40,191,32,6,c,c
D75R40,191,32,7,c,c
D75R40,191,32,8,c,c
D75R40,191,32,9,c,c
D75R40,191,33,1,c,c
D75R40,191,33,2,c,c
D75R40,191,33,3,c,c
D75R40,191,33,4,c,c
D75R40,191,33,5,c,c
D75R40,191,34,1,c,c
D75R40,192,31,1,c,c
D75R40,192,31,2,c,c
D75R40,192,31,3,c,c
D75R40,192,31,4,c,c
D75R40,192,31,5,c,c
D75R40,192,31,6,c,c
D75R40,192,32,1,c,c
D75R40,192,32,2,c,c
D75R40,192,32,3,c,c
D75R40,192,32,4,c,c
D75R40,192,32,5,c,c
D75R40,192,32,6,c,c
D75R40,192,32,7,c,c
D75R40,192,32,8,c,c
D75R40,192,32,9,c,c
D75R40,192,33,1,c,c
D75R40,192,33,2,c,c
D75R40,192,33,3,d,c
D75R40,192,33,4,c,d
D75R40,192,33,5,c,d
D75R40,192,34,1,c,c
D75R40,193,31,1,c,c
D75R40,193,31,2,c,c
D75R40,193,31,3,c,c
D75R40,193,31,4,c,c
D75R40,193,31,5,c,c
D75R40,193,31,6,c,c
D75R40,193,32,1,c,c
D75R40,193,32,2,c,c
D75R40,193,32,3,c,c
D75R40,193,32,4,c,c
D75R40,193,32,5,c,c
D75R40,193,32,6,c,c
D75R40,193,32,7,c,c
D75R40,193,32,8,c,c
D75R40,193,32,9,c,c
D75R40,193,33,1,c,c
D75R40,193,33,2,c,c
D75R40,193,33,3,c,c
D75R40,193,33,4,c,c
D75R40,193,33,5,c,c
D75R40,193,34,1,c,c
D75R40,194,31,1,c,c
D75R40,194,31,2,c,c
D75R40,194,31,3,c,c
D75R40,194,31,4,c,c
D75R40,194,31,5,c,c
D75R40,194,31,6,c,c
D75R40,194,32,1,c,c
D75R40,194,32,2,c,c
D75R40,194,32,3,c,c
D75R40,194,32,4,c,c
D75R40,194,32,5,c,c
D75R40,194,32,6,c,c
D75R40,194,32,7,c,c
D75R40,194,32,8,c,c
D75R40,194,32,9,c,c
D75R40,194,33,1,c,c
D75R40,194,33,2,c,c
D75R40,194,33,3,c,c
D75R40,194,33,4,c,c
D75R40,194,33,5,c,c
D75R40,194,34,1,c,c
D75R40,195,31,1,c,c
D75R40,195,31,2,c,c
D75R40,195,31,3,c,c
D75R40,195,31,4,c,c
D75R40,195,31,5,c,c
D75R40,195,31,6,c,c
D75R40,195,32,1,c,c
D75R40,195,32,2,c,c
D75R40,195,32,3,c,c
D75R40,195,32,4,c,c
D75R40,195,32,5,c,c
D75R40,195,32,6,c,c
D75R40,195,32,7,c,c
D75R40,195,32,8,c,c
D75R40,195,32,9,c,c
D75R40,195,33,1,c,c
D75R40,195,33,2,c,c
D75R40,195,33,3,c,c
D75R40,195,33,4,c,c
D75R40,195,33,5,c,c
D75R40,195,34,1,c,c
D75R40,196,31,1,c,c
D75R40,196,31,2,c,c
D75R40,196,31,3,c,c
D75R40,196,31,4,c,c
D75R40,196,31,5,c,c
D75R40,196,31,6,c,c
D75R40,196,32,1,c,c
D75R40,196,32,2,c,c
D75R40,196,32,3,c,c
D75R40,196,32,4,c,c
D75R40,196,32,5,c,c
D75R40,196,32,6,c,c
D75R40,196,32,7,c,c
D75R40,196,32,8,c,c
D75R40,196,32,9,c,c
D75R40,196,33,1,c,c
D75R40,196,33,2,c,c
D75R40,196,33,3,c,c
D75R40,196,33,4,c,c
D75R40,196,33,5,c,c
D75R40,196,34,1,c,c
D75R40,197,36,1,d,d
D75R40,197,36,2,d,d
D75R40,197,36,3,d,d
D75R40,197,37,1,d,c
D75R40,197,38,1,d,d
D75R40,197,39,1,d,c
D75R40,197,39,2,d,d
D75R40,197,39,3,d,d
D75R40,197,39,4,d,d
D75R40,197,39,5,d,d
D75R40,197,39,6,d,d
D75R40,197,39,7,d,d
D75R40,197,39,8,d,d
D75R40,197,39,9,d,d
D75R40,197,39,10,d,d
D75R40,197,40,1,d,d
D75R40,197,41,1,d,d
D75R40,197,41,2,d,c
D75R40,197,42,1,d,d
D75R40,197,42,2,d,d
D75R40,197,42,3,d,d
D75R40,197,42,4,d,d
D75R40,197,43,1,d,d
D75R40,197,43,2,d,d
D75R40,197,43,3,d,d
D75R40,197,43,4,d,d
D75R40,197,44,1,d,d
D75R40,197,45,1,d,d
D75R40,197,46,1,d,c
D75R40,197,46,2,d,c
D75R40,197,47,1,d,d
D75R40,197,47,2,d,d
D75R40,197,47,3,d,d
D75R40,197,47,4,d,d
D75R40,197,47,5,d,d
D75R40,197,47,6,d,d
D75R40,197,47,7,d,d
D75R40,197,47,8,d,d
D75R40,198,36,1,c,c
D75R40,198,36,2,c,c
D75R40,198,36,3,c,c
D75R40,198,37,1,c,d
D75R40,198,38,1,c,d
D75R40,198,39,1,d,c
D75R40,198,39,2,d,c
D75R40,198,39,3,c,d
D75R40,198,39,4,d,c
D75R40,198,39,5,c,d
D75R40,198,39,6,d,c
D75R40,198,39,7,d,c
D75R40,198,39,8,d,c
D75R40,198,39,9,d,c
D75R40,198,39,10,d,d
D75R40,198,40,1,c,c
D75R40,198,41,1,c,c
D75R40,198,41,2,c,c
D75R40,198,42,1,c,c
D75R40,198,42,2,c,c
D75R40,198,42,3,c,c
D75R40,198,42,4,c,c
D75R40,198,43,1,c,c
D75R40,198,43,2,c,c
D75R40,198,43,3,c,c
D75R40,198,43,4,c,c
D75R40,198,44,1,c,d
D75R40,198,45,1,c,c
D75R40,198,46,1,c,d
D75R40,198,46,2,d,d
D75R40,198,47,1,c,c
D75R40,198,47,2,c,c
D75R40,198,47,3,c,c
D75R40,198,47,4,c,c
D75R40,198,47,5,c,c
D75R40,198,47,6,c,c
D75R40,198,47,7,d,c
D75R40,198,47,8,d,d
D75R40,199,36,1,d,c
D75R40,199,36,2,c,d
D75R40,199,36,3,c,c
D75R40,199,37,1,d,d
D75R40,199,38,1,d,c
D75R40,199,39,1,c,d
D75R40,199,39,2,c,d
D75R40,199,39,3,d,c
D75R40,199,39,4,c,d
D75R40,199,39,5,d,c
D75R40,199,39,6,c,d
D75R40,199,39,7,c,d
D75R40,199,39,8,c,d
D75R40,199,39,9,c,d
D75R40,199,39,10,d,d
D75R40,199,40,1,d,d
D75R40,199,41,1,d,c
D75R40,199,41,2,c,d
D75R40,199,42,1,d,d
D75R40,199,42,2,c,d
D75R40,199,42,3,c,c
D75R40,199,42,4,c,c
D75R40,199,43,1,d,d
D75R40,199,43,2,d,d
D75R40,199,43,3,d,d
D75R40,199,43,4,d,d
D75R40,199,44,1,d,c
D75R40,199,45,1,d,c
D75R40,199,46,1,d,d
D75R40,199,46,2,c,d
D75R40,199,47,1,d,c
D75R40,199,47,2,c,d
D75R40,199,47,3,c,c
D75R40,199,47,4,c,c
D75R40,199,47,5,c,c
D75R40,199,47,6,c,c
D75R40,199,47,7,c,c
D75R40,199,47,8,c,c
D75R40,200,36,1,c,d
D75R40,200,36,2,d,d
D75R40,200,36,3,d,d
D75R40,200,37,1,c,d
D75R40,200,38,1,c,d
D75R40,200,39,1,c,d
D75R40,200,39,2,d,d
D75R40,200,39,3,d,d
D75R40,200,39,4,d,d
D75R40,200,39,5,d,d
D75R40,200,39,6,d,d
D75R40,200,39,7,d,d
D75R40,200,39,8,d,d
D75R40,200,39,9,d,d
D75R40,200,39,10,d,d
D75R40,200,40,1,c,c
D75R40,200,41,1,c,d
D75R40,200,41,2,d,c
D75R40,200,42,1,c,c
D75R40,200,42,2,c,c
D75R40,200,42,3,c,c
D75R40,200,42,4,c,c
D75R40,200,43,1,c,c
D75R40,200,43,2,c,c
D75R40,200,43,3,c,c
D75R40,200,43,4,c,c
D75R40,200,44,1,c,c
D75R40,200,45,1,c,c
D75R40,200,46,1,c,d
D75R40,200,46,2,d,c
D75R40,200,47,1,c,c
D75R40,200,47,2,c,c
D75R40,200,47,3,c,c
D75R40,200,47,4,c,c
D75R40,200,47,5,c,c
D75R40,200,47,6,c,c
D75R40,200,47,7,c,c
D75R40,200,47,8,c,c
D75R40,201,36,1,d,d
D75R40,201,36,2,c,c
D75R40,201,36,3,c,c
D75R40,201,37,1,d,c
D75R40,201,38,1,d,c
D75R40,201,39,1,d,d
D75R40,201,39,2,c,d
D75R40,201,39,3,c,d
D75R40,201,39,4,d,d
D75R40,201,39,5,d,d
D75R40,201,39,6,d,d
D75R40,201,39,7,d,d
D75R40,201,39,8,d,d
D75R40,201,39,9,d,d
D75R40,201,39,10,c,d
D75R40,201,40,1,d,d
D75R40,201,41,1,d,d
D75R40,201,41,2,c,d
D75R40,201,42,1,d,c
D75R40,201,42,2,c,c
D75R40,201,42,3,c,c
D75R40,201,42,4,c,c
D75R40,201,43,1,d,c
D75R40,201,43,2,c,c
D75R40,201,43,3,c,c
D75R40,201,43,4,c,c
D75R40,201,44,1,d,d
D75R40,201,45,1,d,d
D75R40,201,46,1,d,d
D75R40,201,46,2,c,d
D75R40,201,47,1,d,c
D75R40,201,47,2,c,c
D75R40,201,47,3,c,c
D75R40,201,47,4,c,c
D75R40,201,47,5,c,c
D75R40,201,47,6,c,c
D75R40,201,47,7,c,c
D75R40,201,47,8,c,c
D75R40,202,36,1,d,c
D75R40,202,36,2,d,c
D75R40,202,36,3,d,d
D75R40,202,37,1,d,d
D75R40,202,38,1,d,d
D75R40,202,39,1,d,d
D75R40,202,39,2,d,c
D75R40,202,39,3,d,c
D75R40,202,39,4,d,d
D75R40,202,39,5,d,d
D75R40,202,39,6,d,d
D75R40,202,39,7,d,d
D75R40,202,39,8,d,d
D75R40,202,39,9,d,d
D75R40,202,39,10,d,c
D75R40,202,40,1,d,d
D75R40,202,41,1,d,c
D75R40,202,41,2,d,d
D75R40,202,42,1,d,d
D75R40,202,42,2,d,c
D75R40,202,42,3,d,d
D75R40,202,42,4,d,d
D75R40,202,43,1,d,d
D75R40,202,43,2,d,d
D75R40,202,43,3,d,d
D75R40,202,43,4,d,c
D75R40,202,44,1,d,c
D75R40,202,45,1,d,d
D75R40,202,46,1,d,c
D75R40,202,46,2,d,d
D75R40,202,47,1,d,d
D75R40,202,47,2,d,d
D75R40,202,47,3,d,d
D75R40,202,47,4,d,d
D75R40,202,47,5,d,d
D75R40,202,47,6,d,d
D75R40,202,47,7,d,d
D75R40,202,47,8,d,d
D75R40,203,36,1,d,c
D75R40,203,36,2,d,d
D75R40,203,36,3,d,d
D75R40,203,37,1,d,c
D75R40,203,38,1,d,d
D75R40,203,39,1,d,d
D75R40,203,39,2,d,c
D75R40,203,39,3,d,d
D75R40,203,39,4,d,d
D75R40,203,39,5,d,d
D75R40,203,39,6,d,d
D75R40,203,39,7,d,d
D75R40,203,39,8,d,d
D75R40,203,39,9,d,d
D75R40,203,39,10,d,d
D75R40,203,40,1,d,c
D75R40,203,41,1,d,c
D75R40,203,41,2,d,c
D75R40,203,42,1,d,d
D75R40,203,42,2,d,d
D75R40,203,42,3,d,d
D75R40,203,42,4,d,d
D75R40,203,43,1,d,d
D75R40,203,43,2,d,c
D75R40,203,43,3,d,d
D75R40,203,43,4,d,d
D75R40,203,44,1,d,c
D75R40,203,45,1,d,c
D75R40,203,46,1,d,d
D75R40,203,46,2,d,c
D75R40,203,47,1,d,d
D75R40,203,47,2,d,d
D75R40,203,47,3,d,d
D75R40,203,47,4,d,d
D75R40,203,47,5,d,d
D75R40,203,47,6,d,d
D75R40,203,47,7,d,d
D75R40,203,47,8,d,d
D75R40,204,36,1,c,d
D75R40,204,36,2,c,d
D75R40,204,36,3,d,d
D75R40,204,37,1,d,c
D75R40,204,38,1,c,c
D75R40,204,39,1,c,d
D75R40,204,39,2,c,d
D75R40,204,39,3,d,c
D75R40,204,39,4,c,c
D75R40,204,39,5,c,c
D75R40,204,39,6,c,c
D75R40,204,39,7,c,d
D75R40,204,39,8,d,d
D75R40,204,39,9,d,d
D75R40,204,39,10,d,d
D75R40,204,40,1,c,c
D75R40,204,41,1,c,c
D75R40,204,41,2,c,c
D75R40,204,42,1,c,c
D75R40,204,42,2,c,c
D75R40,204,42,3,c,c
D75R40,204,42,4,c,c
D75R40,204,43,1,c,c
D75R40,204,43,2,c,c
D75R40,204,43,3,c,c
D75R40,204,43,4,c,c
D75R40,204,44,1,c,c
D75R40,204,45,1,c,d
D75R40,204,46,1,d,c
D75R40,204,46,2,c,d
D75R40,204,47,1,c,c
D75R40,204,47,2,c,c
D75R40,204,47,3,c,c
D75R40,204,47,4,c,c
D75R40,204,47,5,c,c
D75R40,204,47,6,c,c
D75R40,204,47,7,c,c
D75R40,204,47,8,c,c
D75R40,205,36,1,c,c
D75R40,205,36,2,c,c
D75R40,205,36,3,c,c
D75R40,205,37,1,c,d
D75R40,205,38,1,c,c
D75R40,205,39,1,c,c
D75R40,205,39,2,c,c
D75R40,205,39,3,c,c
D75R40,205,39,4,c,c
D75R40,205,39,5,c,c
D75R40,205,39,6,c,c
D75R40,205,39,7,c,c
D75R40,205,39,8,c,c
D75R40,205,39,9,c,c
D75R40,205,39,10,c,c
D75R40,205,40,1,c,d
D75R40,205,41,1,c,d
D75R40,205,41,2,c,d
D75R40,205,42,1,c,d
D75R40,205,42,2,c,c
D75R40,205,42,3,c,c
D75R40,205,42,4,c,c
D75R40,205,43,1,c,c
D75R40,205,43,2,c,c
D75R40,205,43,3,c,c
D75R40,205,43,4,c,c
D75R40,205,44,1,c,c
D75R40,205,45,1,c,d
D75R40,205,46,1,c,d
D75R40,205,46,2,c,d
D75R40,205,47,1,c,c
D75R40,205,47,2,c,c
D75R40,205,47,3,c,c
D75R40,205,47,4,c,c
D75R40,205,47,5,c,c
D75R40,205,47,6,c,c
D75R40,205,47,7,c,d
D75R40,205,47,8,d,d
D75R40,206,36,1,d,d
D75R40,206,36,2,d,d
D75R40,206,36,3,d,d
D75R40,206,37,1,d,c
D75R40,206,38,1,d,d
D75R40,206,39,1,d,c
D75R40,206,39,2,d,c
D75R40,206,39,3,c,d
D75R40,206,39,4,c,c
D75R40,206,39,5,c,c
D75R40,206,39,6,c,c
D75R40,206,39,7,d,c
D75R40,206,39,8,d,d
D75R40,206,39,9,d,d
D75R40,206,39,10,d,d
D75R40,206,40,1,d,c
D75R40,206,41,1,d,d
D75R40,206,41,2,d,c
D75R40,206,42,1,d,d
D75R40,206,42,2,d,c
D75R40,206,42,3,c,c
D75R40,206,42,4,c,c
D75R40,206,43,1,d,d
D75R40,206,43,2,d,d
D75R40,206,43,3,d,d
D75R40,206,43,4,c,d
D75R40,206,44,1,d,d
D75R40,206,45,1,d,d
D75R40,206,46,1,d,d
D75R40,206,46,2,d,c
D75R40,206,47,1,d,d
D75R40,206,47,2,d,d
D75R40,206,47,3,d,d
D75R40,206,47,4,d,d
D75R40,206,47,5,d,d
D75R40,206,47,6,d,d
D75R40,206,47,7,d,d
D75R40,206,47,8,d,d
D75R40,207,36,1,c,d
D75R40,207,36,2,d,c
D75R40,207,36,3,c,c
D75R40,207,37,1,c,d
D75R40,207,38,1,c,d
D75R40,207,39,1,c,c
D75R40,207,39,2,c,c
D75R40,207,39,3,c,c
D75R40,207,39,4,c,c
D75R40,207,39,5,c,c
D75R40,207,39,6,c,c
D75R40,207,39,7,c,c
D75R40,207,39,8,c,c
D75R40,207,39,9,c,c
D75R40,207,39,10,c,c
D75R40,207,40,1,c,d
D75R40,207,41,1,c,c
D75R40,207,41,2,c,c
D75R40,207,42,1,c,c
D75R40,207,42,2,c,c
D75R40,207,42,3,c,c
D75R40,207,42,4,c,c
D75R40,207,43,1,c,c
D75R40,207,43,2,c,c
D75R40,207,43,3,c,c
D75R40,207,43,4,c,c
D75R40,207,44,1,c,d
D75R40,207,45,1,c,d
D75R40,207,46,1,c,d
D75R40,207,46,2,d,c
D75R40,207,47,1,c,d
D75R40,207,47,2,d,c
D75R40,207,47,3,c,c
D75R40,207,47,4,c,c
D75R40,207,47,5,c,c
D75R40,207,47,6,c,c
D75R40,207,47,7,c,c
D75R40,207,47,8,c,c
D75R40,208,36,1,c,c
D75R40,208,36,2,c,c
D75R40,208,36,3,c,c
D75R40,208,37,1,d,d
D75R40,208,38,1,d,c
D75R40,208,39,1,d,d
D75R40,208,39,2,c,d
D75R40,208,39,3,d,d
D75R40,208,39,4,d,d
D75R40,208,39,5,d,d
D75R40,208,39,6,d,d
D75R40,208,39,7,d,d
D75R40,208,39,8,d,d
D75R40,208,39,9,d,d
D75R40,208,39,10,d,d
D75R40,208,40,1,c,d
D75R40,208,41,1,c,d
D75R40,208,41,2,d,d
D75R40,208,42,1,d,c
D75R40,208,42,2,c,c
D75R40,208,42,3,c,c
D75R40,208,42,4,c,c
D75R40,208,43,1,c,c
D75R40,208,43,2,c,c
D75R40,208,43,3,c,c
D75R40,208,43,4,c,c
D75R40,208,44,1,c,c
D75R40,208,45,1,c,c
D75R40,208,46,1,c,c
D75R40,208,46,2,c,c
D75R40,208,47,1,c,d
D75R40,208,47,2,d,c
D75R40,208,47,3,d,c
D75R40,208,47,4,c,d
D75R40,208,47,5,d,c
D75R40,208,47,6,d,c
D75R40,208,47,7,c,d
D75R40,208,47,8,d,d
D75R40,209,36,1,c,c
D75R40,209,36,2,c,c
D75R40,209,36,3,c,c
D75R40,209,37,1,c,d
D75R40,209,38,1,c,d
D75R40,209,39,1,c,d
D75R40,209,39,2,c,c
D75R40,209,39,3,c,c
D75R40,209,39,4,c,c
D75R40,209,39,5,c,c
D75R40,209,39,6,c,c
D75R40,209,39,7,c,c
D75R40,209,39,8,c,c
D75R40,209,39,9,c,c
D75R40,209,39,10,c,c
D75R40,209,40,1,c,c
D75R40,209,41,1,c,c
D75R40,209,41,2,c,c
D75R40,209,42,1,c,d
D75R40,209,42,2,c,c
D75R40,209,42,3,c,c
D75R40,209,42,4,c,c
D75R40,209,43,1,c,d
D75R40,209,43,2,c,c
D75R40,209,43,3,c,c
D75R40,209,43,4,c,c
D75R40,209,44,1,c,d
D75R40,209,45,1,c,c
D75R40,209,46,1,c,c
D75R40,209,46,2,c,c
D75R40,209,47,1,c,d
D75R40,209,47,2,c,c
D75R40,209,47,3,c,c
D75R40,209,47,4,c,c
D75R40,209,47,5,c,c
D75R40,209,47,6,c,c
D75R40,209,47,7,c,c
D75R40,209,47,8,c,c
D75R40,210,36,1,d,d
D75R40,210,36,2,c,c
D75R40,210,36,3,c,c
D75R40,210,37,1,d,d
D75R40,210,38,1,d,c
D75R40,210,39,1,d,c
D75R40,210,39,2,c,c
D75R40,210,39,3,c,c
D75R40,210,39,4,c,c
D75R40,210,39,5,c,c
D75R40,210,39,6,c,c
D75R40,210,39,7,c,c
D75R40,210,39,8,c,c
D75R40,210,39,9,c,c
D75R40,210,39,10,c,c
D75R40,210,40,1,d,c
D75R40,210,41,1,d,d
D75R40,210,41,2,c,d
D75R40,210,42,1,d,d
D75R40,210,42,2,c,d
D75R40,210,42,3,d,d
D75R40,210,42,4,d,d
D75R40,210,43,1,d,d
D75R40,210,43,2,c,d
D75R40,210,43,3,d,d
D75R40,210,43,4,d,d
D75R40,210,44,1,d,d
D75R40,210,45,1,d,c
D75R40,210,46,1,d,c
D75R40,210,46,2,c,d
D75R40,210,47,1,d,c
D75R40,210,47,2,c,d
D75R40,210,47,3,c,d
D75R40,210,47,4,d,c
D75R40,210,47,5,c,d
D75R40,210,47,6,c,d
D75R40,210,47,7,d,c
D75R40,210,47,8,d,d
D75R40,211,20,1,c,c
D75R40,211,21,1,c,c
D75R40,211,21,2,c,c
D75R40,211,21,3,c,c
D75R40,211,21,4,c,c
D75R40,211,21,5,c,c
D75R40,211,21,6,c,c
D75R40,211,21,7,c,c
D75R40,211,21,8,c,c
D75R40,211,22,1,c,c
D75R40,211,23,1,c,c
D75R40,211,23,2,c,c
D75R40,212,20,1,c,c
D75R40,212,21,1,c,c
D75R40,212,21,2,c,c
D75R40,212,21,3,c,c
D75R40,212,21,4,c,c
D75R40,212,21,5,c,c
D75R40,212,21,6,d,c
D75R40,212,21,7,d,d
D75R40,212,21,8,d,d
D75R40,212,22,1,c,c
D75R40,212,23,1,c,c
D75R40,212,23,2,c,c
D75R40,213,20,1,c,c
D75R40,213,21,1,c,c
D75R40,213,21,2,c,c
D75R40,213,21,3,c,c
D75R40,213,21,4,c,c
D75R40,213,21,5,c,c
D75R40,213,21,6,c,c
D75R40,213,21,7,c,c
D75R40,213,21,8,c,c
D75R40,213,22,1,c,c
D75R40,213,23,1,c,c
D75R40,213,23,2,c,c
D75R40,214,20,1,c,c
D75R40,214,21,1,c,c
D75R40,214,21,2,c,c
D75R40,214,21,3,c,c
D75R40,214,21,4,c,c
D75R40,214,21,5,c,c
D75R40,214,21,6,c,c
D75R40,214,21,7,c,c
D75R40,214,21,8,c,c
D75R40,214,22,1,c,c
D75R40,214,23,1,c,c
D75R40,214,23,2,c,d
D75R40,215,20,1,c,c
D75R40,215,21,1,c,c
D75R40,215,21,2,c,c
D75R40,215,21,3,c,c
D75R40,215,21,4,c,c
D75R40,215,21,5,c,d
D75R40,215,21,6,c,c
D75R40,215,21,7,c,c
D75R40,215,21,8,c,c
D75R40,215,22,1,c,c
D75R40,215,23,1,c,c
D75R40,215,23,2,c,c
D75R40,216,20,1,c,c
D75R40,216,21,1,c,c
D75R40,216,21,2,c,c
D75R40,216,21,3,c,c
D75R40,216,21,4,c,c
D75R40,216,21,5,d,c
D75R40,216,21,6,c,c
D75R40,216,21,7,c,c
D75R40,216,21,8,c,c
D75R40,216,22,1,c,c
D75R40,216,23,1,c,c
D75R40,216,23,2,d,c
D75R40,217,20,1,c,c
D75R40,217,21,1,c,c
D75R40,217,21,2,c,d
D75R40,217,21,3,d,d
D75R40,217,21,4,d,d
D75R40,217,21,5,d,d
D75R40,217,21,6,d,d
D75R40,217,21,7,d,d
D75R40,217,21,8,d,d
D75R40,217,22,1,c,c
D75R40,217,23,1,c,c
D75R40,217,23,2,c,c
D75R40,218,20,1,c,c
D75R40,218,21,1,c,c
D75R40,218,21,2,c,c
D75R40,218,21,3,c,c
D75R40,218,21,4,c,c
D75R40,218,21,5,c,c
D75R40,218,21,6,c,c
D75R40,218,21,7,c,c
D75R40,218,21,8,c,c
D75R40,218,22,1,c,c
D75R40,218,23,1,c,c
D75R40,218,23,2,c,c
D75R40,219,20,1,c,c
D75R40,219,21,1,c,c
D75R40,219,21,2,c,c
D75R40,219,21,3,c,c
D75R40,219,21,4,c,c
D75R40,219,21,5,c,c
D75R40,219,21,6,c,c
D75R40,219,21,7,c,c
D75R40,219,21,8,c,c
D75R40,219,22,1,c,c
D75R40,219,23,1,c,c
D75R40,219,23,2,c,c
D75R40,220,20,1,c,c
D75R40,220,21,1,c,c
D75R40,220,21,2,c,c
D75R40,220,21,3,c,c
D75R40,220,21,4,c,c
D75R40,220,21,5,c,c
D75R40,220,21,6,c,d
D75R40,220,21,7,d,d
D75R40,220,21,8,d,d
D75R40,220,22,1,c,c
D75R40,220,23,1,c,c
D75R40,220,23,2,c,c
D75R40,221,20,1,c,c
D75R40,221,21,1,c,c
D75R40,221,21,2,c,c
D75R40,221,21,3,c,c
D75R40,221,21,4,c,c
D75R40,221,21,5,c,c
D75R40,221,21,6,c,c
D75R40,221,21,7,c,c
D75R40,221,21,8,c,c
D75R40,221,22,1,c,c
D75R40,221,23,1,c,c
D75R40,221,23,2,c,c
D75R40,222,20,1,c,c
D75R40,222,21,1,c,c
D75R40,222,21,2,d,c
D75R40,222,21,3,d,d
D75R40,222,21,4,d,d
D75R40,222,21,5,d,d
D75R40,222,21,6,d,d
D75R40,222,21,7,d,d
D75R40,222,21,8,d,d
D75R40,222,22,1,c,c
D75R40,222,23,1,c,c
D75R40,222,23,2,c,c
D75R48,223,27,1,c,c
D75R48,223,28,1,c,c
D75R48,223,29,1,c,c
D75R48,223,29,2,c,c
D75R48,223,29,3,c,c
D75R48,223,29,4,c,c
D75R48,223,30,1,c,c
D75R48,223,31,1,c,c
D75R48,223,31,2,c,c
D75R48,223,31,3,c,c
D75R48,223,31,4,c,c
D75R48,223,31,5,c,c
D75R48,223,31,6,c,c
D75R48,223,31,7,c,c
D75R48,223,31,8,c,c
D75R48,223,31,9,c,c
D75R48,223,31,10,c,c
D75R48,223,31,11,c,c
D75R48,223,31,12,c,c
D75R48,223,31,13,c,c
D75R48,223,31,14,c,c
D75R48,223,31,15,c,c
D75R48,223,31,16,c,c
D75R48,223,32,1,c,c
D75R48,223,32,2,c,c
D75R48,223,32,3,c,c
D75R48,223,32,4,c,c
D75R48,223,32,5,c,c
D75R48,223,33,1,c,c
D75R48,223,34,1,c,c
D75R48,223,34,2,c,c
D75R48,223,35,1,c,c
D75R48,223,35,2,c,c
D75R48,223,35,3,c,c
D75R48,223,35,4,c,c
D75R48,223,35,5,c,c
D75R48,223,35,6,c,c
D75R48,223,35,7,c,c
D75R48,223,35,8,c,c
D75R48,223,35,9,c,c
D75R48,224,27,1,c,c
D75R48,224,28,1,c,c
D75R48,224,29,1,c,c
D75R48,224,29,2,c,c
D75R48,224,29,3,c,c
D75R48,224,29,4,c,c
D75R48,224,30,1,c,c
D75R48,224,31,1,c,c
D75R48,224,31,2,c,c
D75R48,224,31,3,c,c
D75R48,224,31,4,c,c
D75R48,224,31,5,c,c
D75R48,224,31,6,c,c
D75R48,224,31,7,c,c
D75R48,224,31,8,c,c
D75R48,224,31,9,c,c
D75R48,224,31,10,c,c
D75R48,224,31,11,c,c
D75R48,224,31,12,c,c
D75R48,224,31,13,c,c
D75R48,224,31,14,c,c
D75R48,224,31,15,c,c
D75R48,224,31,16,c,c
D75R48,224,32,1,c,c
D75R48,224,32,2,c,c
D75R48,224,32,3,c,c
D75R48,224,32,4,c,c
D75R48,224,32,5,c,c
D75R48,224,33,1,c,c
D75R48,224,34,1,c,c
D75R48,224,34,2,c,c
D75R48,224,35,1,c,c
D75R48,224,35,2,c,c
D75R48,224,35,3,c,c
D75R48,224,35,4,c,c
D75R48,224,35,5,c,c
D75R48,224,35,6,c,c
D75R48,224,35,7,c,c
D75R48,224,35,8,c,c
D75R48,224,35,9,c,c
D75R48,225,27,1,c,c
D75R48,225,28,1,c,c
D75R48,225,29,1,c,c
D75R48,225,29,2,c,c
D75R48,225,29,3,c,c
D75R48,225,29,4,c,c
D75R48,225,30,1,c,c
D75R48,225,31,1,c,c
D75R48,225,31,2,c,c
D75R48,225,31,3,c,c
D75R48,225,31,4,c,c
D75R48,225,31,5,c,c
D75R48,225,31,6,c,c
D75R48,225,31,7,c,c
D75R48,225,31,8,c,c
D75R48,225,31,9,c,c
D75R48,225,31,10,c,c
D75R48,225,31,11,c,c
D75R48,225,31,12,c,c
D75R48,225,31,13,c,c
D75R48,225,31,14,c,c
D75R48,225,31,15,c,c
D75R48,225,31,16,c,c
D75R48,225,32,1,c,c
D75R48,225,32,2,c,c
D75R48,225,32,3,c,c
D75R48,225,32,4,c,c
D75R48,225,32,5,c,c
D75R48,225,33,1,c,c
D75R48,225,34,1,c,c
D75R48,225,34,2,c,c
D75R48,225,35,1,c,c
D75R48,225,35,2,c,c
D75R48,225,35,3,c,c
D75R48,225,35,4,c,c
D75R48,225,35,5,c,c
D75R48,225,35,6,c,c
D75R48,225,35,7,c,c
D75R48,225,35,8,c,c
D75R48,225,35,9,c,c
D75R48,226,27,1,c,c
D75R48,226,28,1,c,c
D75R48,226,29,1,c,c
D75R48,226,29,2,c,c
D75R48,226,29,3,c,c
D75R48,226,29,4,c,c
D75R48,226,30,1,c,c
D75R48,226,31,1,c,c
D75R48,226,31,2,c,c
D75R48,226,31,3,c,c
D75R48,226,31,4,c,c
D75R48,226,31,5,c,c
D75R48,226,31,6,c,c
D75R48,226,31,7,c,c
D75R48,226,31,8,c,c
D75R48,226,31,9,c,c
D75R48,226,31,10,c,c
D75R48,226,31,11,c,c
D75R48,226,31,12,c,c
D75R48,226,31,13,c,c
D75R48,226,31,14,c,c
D75R48,226,31,15,c,c
D75R48,226,31,16,c,c
D75R48,226,32,1,c,c
D75R48,226,32,2,c,c
D75R48,226,32,3,c,c
D75R48,226,32,4,c,c
D75R48,226,32,5,c,c
D75R48,226,33,1,c,c
D75R48,226,34,1,c,c
D75R48,226,34,2,c,c
D75R48,226,35,1,c,c
D75R48,226,35,2,c,c
D75R48,226,35,3,c,c
D75R48,226,35,4,c,c
D75R48,226,35,5,c,c
D75R48,226,35,6,c,c
D75R48,226,35,7,c,c
D75R48,226,35,8,c,c
D75R48,226,35,9,c,c
D75R48,227,27,1,c,c
D75R48,227,28,1,c,c
D75R48,227,29,1,c,c
D75R48,227,29,2,c,c
D75R48,227,29,3,c,c
D75R48,227,29,4,c,c
D75R48,227,30,1,c,c
D75R48,227,31,1,c,c
D75R48,227,31,2,c,c
D75R48,227,31,3,c,c
D75R48,227,31,4,c,c
D75R48,227,31,5,c,c
D75R48,227,31,6,c,c
D75R48,227,31,7,c,c
D75R48,227,31,8,c,c
D75R48,227,31,9,c,c
D75R48,227,31,10,c,c
D75R48,227,31,11,c,c
D75R48,227,31,12,c,c
D75R48,227,31,13,c,c
D75R48,227,31,14,c,c
D75R48,227,31,15,c,c
D75R48,227,31,16,c,c
D75R48,227,32,1,c,c
D75R48,227,32,2,c,c
D75R48,227,32,3,c,c
D75R48,227,32,4,c,c
D75R48,227,32,5,c,c
D75R48,227,33,1,c,c
D75R48,227,34,1,c,c
D75R48,227,34,2,c,c
D75R48,227,35,1,c,c
D75R48,227,35,2,c,c
D75R48,227,35,3,c,c
D75R48,227,35,4,c,c
D75R48,227,35,5,c,c
D75R48,227,35,6,c,c
D75R48,227,35,7,c,c
D75R48,227,35,8,c,c
D75R48,227,35,9,c,c
D75R48,228,27,1,c,c
D75R48,228,28,1,c,c
D75R48,228,29,1,c,c
D75R48,228,29,2,c,c
D75R48,228,29,3,c,c
D75R48,228,29,4,c,c
D75R48,228,30,1,c,c
D75R48,228,31,1,c,c
D75R48,228,31,2,c,c
D75R48,228,31,3,c,c
D75R48,228,31,4,c,c
D75R48,228,31,5,c,c
D75R48,228,31,6,c,c
D75R48,228,31,7,c,c
D75R48,228,31,8,c,c
D75R48,228,31,9,c,c
D75R48,228,31,10,c,c
D75R48,228,31,11,c,c
D75R48,228,31,12,c,c
D75R48,228,31,13,c,c
D75R48,228,31,14,c,c
D75R48,228,31,15,c,c
D75R48,228,31,16,c,c
D75R48,228,32,1,c,c
D75R48,228,32,2,c,c
D75R48,228,32,3,c,c
D75R48,228,32,4,c,c
D75R48,228,32,5,c,c
D75R48,228,33,1,c,c
D75R48,228,34,1,c,c
D75R48,228,34,2,c,c
D75R48,228,35,1,c,c
D75R48,228,35,2,c,c
D75R48,228,35,3,c,c
D75R48,228,35,4,c,c
D75R48,228,35,5,c,c
D75R48,228,35,6,c,c
D75R48,228,35,7,c,c
D75R48,228,35,8,c,c
D75R48,228,35,9,c,c
D75R48,229,27,1,c,c
D75R48,229,28,1,c,c
D75R48,229,29,1,c,c
D75R48,229,29,2,c,c
D75R48,229,29,3,c,c
D75R48,229,29,4,c,c
D75R48,229,30,1,c,c
D75R48,229,31,1,c,c
D75R48,229,31,2,c,c
D75R48,229,31,3,c,c
D75R48,229,31,4,c,c
D75R48,229,31,5,c,c
D75R48,229,31,6,c,c
D75R48,229,31,7,c,c
D75R48,229,31,8,c,c
D75R48,229,31,9,c,c
D75R48,229,31,10,c,c
D75R48,229,31,11,c,c
D75R48,229,31,12,c,c
D75R48,229,31,13,c,c
D75R48,229,31,14,c,c
D75R48,229,31,15,c,c
D75R48,229,31,16,c,c
D75R48,229,32,1,c,c
D75R48,229,32,2,c,c
D75R48,229,32,3,c,c
D75R48,229,32,4,c,c
D75R48,229,32,5,c,c
D75R48,229,33,1,c,c
D75R48,229,34,1,c,c
D75R48,229,34,2,c,c
D75R48,229,35,1,c,c
D75R48,229,35,2,c,c
D75R48,229,35,3,c,c
D75R48,229,35,4,c,c
D75R48,229,35,5,c,c
D75R48,229,35,6,c,c
D75R48,229,35,7,c,c
D75R48,229,35,8,c,c
D75R48,229,35,9,c,c
D75R48,230,27,1,c,c
D75R48,230,28,1,c,c
D75R48,230,29,1,c,c
D75R48,230,29,2,c,c
D75R48,230,29,3,c,c
D75R48,230,29,4,c,c
D75R48,230,30,1,c,c
D75R48,230,31,1,c,c
D75R48,230,31,2,c,c
D75R48,230,31,3,c,c
D75R48,230,31,4,c,c
D75R48,230,31,5,c,c
D75R48,230,31,6,c,c
D75R48,230,31,7,c,c
D75R48,230,31,8,c,c
D75R48,230,31,9,c,c
D75R48,230,31,10,c,c
D75R48,230,31,11,c,c
D75R48,230,31,12,c,c
D75R48,230,31,13,c,c
D75R48,230,31,14,c,c
D75R48,230,31,15,c,c
D75R48,230,31,16,c,c
D75R48,230,32,1,c,c
D75R48,230,32,2,c,c
D75R48,230,32,3,c,c
D75R48,230,32,4,c,c
D75R48,230,32,5,c,c
D75R48,230,33,1,c,c
D75R48,230,34,1,c,c
D75R48,230,34,2,c,c
D75R48,230,35,1,c,c
D75R48,230,35,2,c,c
D75R48,230,35,3,c,c
D75R48,230,35,4,c,c
D75R48,230,35,5,c,c
D75R48,230,35,6,c,c
D75R48,230,35,7,c,c
D75R48,230,35,8,c,c
D75R48,230,35,9,c,c
D75R48,231,27,1,c,c
D75R48,231,28,1,c,c
D75R48,231,29,1,c,c
D75R48,231,29,2,c,c
D75R48,231,29,3,c,c
D75R48,231,29,4,c,c
D75R48,231,30,1,c,c
D75R48,231,31,1,c,c
D75R48,231,31,2,c,c
D75R48,231,31,3,c,c
D75R48,231,31,4,c,c
D75R48,231,31,5,c,c
D75R48,231,31,6,c,c
D75R48,231,31,7,c,c
D75R48,231,31,8,c,c
D75R48,231,31,9,c,c
D75R48,231,31,10,c,c
D75R48,231,31,11,c,c
D75R48,231,31,12,c,c
D75R48,231,31,13,c,c
D75R48,231,31,14,c,c
D75R48,231,31,15,c,c
D75R48,231,31,16,c,c
D75R48,231,32,1,c,c
D75R48,231,32,2,c,c
D75R48,231,32,3,c,c
D75R48,231,32,4,c,c
D75R48,231,32,5,c,c
D75R48,231,33,1,c,c
D75R48,231,34,1,c,c
D75R48,231,34,2,c,c
D75R48,231,35,1,c,c
D75R48,231,35,2,c,c
D75R48,231,35,3,c,c
D75R48,231,35,4,c,c
D75R48,231,35,5,c,c
D75R48,231,35,6,c,c
D75R48,231,35,7,c,c
D75R48,231,35,8,c,c
D75R48,231,35,9,c,c
D75R48,232,27,1,c,c
D75R48,232,28,1,c,c
D75R48,232,29,1,c,c
D75R48,232,29,2,c,c
D75R48,232,29,3,c,c
D75R48,232,29,4,c,c
D75R48,232,30,1,c,c
D75R48,232,31,1,c,c
D75R48,232,31,2,c,c
D75R48,232,31,3,c,c
D75R48,232,31,4,c,c
D75R48,232,31,5,c,c
D75R48,232,31,6,c,c
D75R48,232,31,7,c,c
D75R48,232,31,8,c,c
D75R48,232,31,9,c,c
D75R48,232,31,10,c,c
D75R48,232,31,11,c,c
D75R48,232,31,12,c,c
D75R48,232,31,13,c,c
D75R48,232,31,14,c,c
D75R48,232,31,15,c,c
D75R48,232,31,16,c,c
D75R48,232,32,1,c,c
D75R48,232,32,2,c,c
D75R48,232,32,3,c,c
D75R48,232,32,4,c,c
D75R48,232,32,5,c,c
D75R48,232,33,1,c,c
D75R48,232,34,1,c,c
D75R48,232,34,2,c,c
D75R48,232,35,1,c,c
D75R48,232,35,2,c,c
D75R48,232,35,3,c,c
D75R48,232,35,4,c,c
D75R48,232,35,5,c,c
D75R48,232,35,6,c,c
D75R48,232,35,7,c,c
D75R48,232,35,8,c,c
D75R48,232,35,9,c,c
D75R48,233,27,1,c,c
D75R48,233,28,1,c,c
D75R48,233,29,1,c,c
D75R48,233,29,2,c,c
D75R48,233,29,3,c,c
D75R48,233,29,4,c,c
D75R48,233,30,1,c,c
D75R48,233,31,1,c,c
D75R48,233,31,2,c,c
D75R48,233,31,3,c,c
D75R48,233,31,4,c,c
D75R48,233,31,5,c,c
D75R48,233,31,6,c,c
D75R48,233,31,7,c,c
D75R48,233,31,8,c,c
D75R48,233,31,9,c,c
D75R48,233,31,10,c,c
D75R48,233,31,11,c,c
D75R48,233,31,12,c,c
D75R48,233,31,13,c,c
D75R48,233,31,14,c,c
D75R48,233,31,15,c,c
D75R48,233,31,16,c,c
D75R48,233,32,1,c,c
D75R48,233,32,2,c,c
D75R48,233,32,3,c,c
D75R48,233,32,4,c,c
D75R48,233,32,5,c,c
D75R48,233,33,1,c,c
D75R48,233,34,1,c,c
D75R48,233,34,2,c,c
D75R48,233,35,1,c,c
D75R48,233,35,2,c,c
D75R48,233,35,3,c,c
D75R48,233,35,4,c,c
D75R48,233,35,5,c,c
D75R48,233,35,6,c,c
D75R48,233,35,7,c,c
D75R48,233,35,8,c,c
D75R48,233,35,9,c,c
D75R48,234,27,1,c,c
D75R48,234,28,1,c,c
D75R48,234,29,1,c,c
D75R48,234,29,2,c,c
D75R48,234,29,3,c,c
D75R48,234,29,4,c,c
D75R48,234,30,1,c,c
D75R48,234,31,1,c,c
D75R48,234,31,2,c,c
D75R48,234,31,3,c,c
D75R48,234,31,4,c,c
D75R48,234,31,5,c,d
D75R48,234,31,6,c,d
D75R48,234,31,7,d,c
D75R48,234,31,8,d,d
D75R48,234,31,9,d,d
D75R48,234,31,10,d,d
D75R48,234,31,11,d,d
D75R48,234,31,12,d,d
D75R48,234,31,13,d,d
D75R48,234,31,14,d,c
D75R48,234,31,15,c,c
D75R48,234,31,16,c,c
D75R48,234,32,1,c,c
D75R48,234,32,2,c,c
D75R48,234,32,3,c,c
D75R48,234,32,4,c,c
D75R48,234,32,5,c,c
D75R48,234,33,1,c,c
D75R48,234,34,1,c,c
D75R48,234,34,2,c,c
D75R48,234,35,1,c,c
D75R48,234,35,2,c,c
D75R48,234,35,3,c,c
D75R48,234,35,4,c,c
D75R48,234,35,5,c,c
D75R48,234,35,6,c,c
D75R48,234,35,7,c,c
D75R48,234,35,8,c,c
D75R48,234,35,9,c,c
D75R48,235,27,1,c,c
D75R48,235,28,1,c,c
D75R48,235,29,1,c,c
D75R48,235,29,2,c,c
D75R48,235,29,3,c,c
D75R48,235,29,4,c,c
D75R48,235,30,1,c,c
D75R48,235,31,1,c,c
D75R48,235,31,2,c,c
D75R48,235,31,3,c,c
D75R48,235,31,4,c,c
D75R48,235,31,5,c,c
D75R48,235,31,6,c,c
D75R48,235,31,7,c,c
D75R48,235,31,8,c,c
D75R48,235,31,9,c,c
D75R48,235,31,10,c,c
D75R48,235,31,11,c,c
D75R48,235,31,12,c,c
D75R48,235,31,13,c,c
D75R48,235,31,14,c,c
D75R48,235,31,15,c,c
D75R48,235,31,16,c,c
D75R48,235,32,1,c,c
D75R48,235,32,2,c,c
D75R48,235,32,3,c,c
D75R48,235,32,4,c,c
D75R48,235,32,5,c,c
D75R48,235,33,1,c,c
D75R48,235,34,1,c,c
D75R48,235,34,2,c,c
D75R48,235,35,1,c,c
D75R48,235,35,2,c,c
D75R48,235,35,3,c,c
D75R48,235,35,4,c,c
D75R48,235,35,5,c,c
D75R48,235,35,6,c,c
D75R48,235,35,7,c,c
D75R48,235,35,8,c,c
D75R48,235,35,9,c,c
D75R48,236,27,1,c,c
D75R48,236,28,1,c,c
D75R48,236,29,1,c,c
D75R48,236,29,2,c,c
D75R48,236,29,3,c,c
D75R48,236,29,4,c,c
D75R48,236,30,1,c,c
D75R48,236,31,1,c,c
D75R48,236,31,2,c,c
D75R48,236,31,3,c,c
D75R48,236,31,4,c,c
D75R48,236,31,5,c,c
D75R48,236,31,6,c,c
D75R48,236,31,7,c,c
D75R48,236,31,8,c,c
D75R48,236,31,9,c,c
D75R48,236,31,10,c,c
D75R48,236,31,11,c,c
D75R48,236,31,12,c,c
D75R48,236,31,13,c,c
D75R48,236,31,14,c,c
D75R48,236,31,15,c,c
D75R48,236,31,16,c,c
D75R48,236,32,1,c,c
D75R48,236,32,2,c,c
D75R48,236,32,3,c,c
D75R48,236,32,4,c,c
D75R48,236,32,5,c,c
D75R48,236,33,1,c,c
D75R48,236,34,1,c,c
D75R48,236,34,2,c,c
D75R48,236,35,1,c,c
D75R48,236,35,2,c,c
D75R48,236,35,3,c,c
D75R48,236,35,4,c,c
D75R48,236,35,5,c,c
D75R48,236,35,6,c,c
D75R48,236,35,7,c,c
D75R48,236,35,8,c,c
D75R48,236,35,9,c,c
D75R48,237,27,1,c,c
D75R48,237,28,1,c,c
D75R48,237,29,1,c,c
D75R48,237,29,2,c,c
D75R48,237,29,3,c,c
D75R48,237,29,4,c,c
D75R48,237,30,1,c,c
D75R48,237,31,1,c,c
D75R48,237,31,2,c,c
D75R48,237,31,3,c,c
D75R48,237,31,4,c,c
D75R48,237,31,5,d,c
D75R48,237,31,6,d,c
D75R48,237,31,7,c,d
D75R48,237,31,8,d,d
D75R48,237,31,9,d,d
D75R48,237,31,10,d,d
D75R48,237,31,11,d,d
D75R48,237,31,12,d,d
D75R48,237,31,13,d,d
D75R48,237,31,14,c,d
D75R48,237,31,15,c,c
D75R48,237,31,16,c,c
D75R48,237,32,1,c,c
D75R48,237,32,2,c,c
D75R48,237,32,3,c,c
D75R48,237,32,4,c,c
D75R48,237,32,5,c,c
D75R48,237,33,1,c,c
D75R48,237,34,1,c,c
D75R48,237,34,2,c,c
D75R48,237,35,1,c,c
D75R48,237,35,2,c,c
D75R48,237,35,3,c,c
D75R48,237,35,4,c,c
D75R48,237,35,5,c,c
D75R48,237,35,6,c,c
D75R48,237,35,7,c,c
D75R48,237,35,8,c,c
D75R48,237,35,9,c,c
D75R48,238,27,1,c,c
D75R48,238,28,1,c,c
D75R48,238,29,1,c,c
D75R48,238,29,2,c,c
D75R48,238,29,3,c,c
D75R48,238,29,4,c,c
D75R48,238,30,1,c,c
D75R48,238,31,1,c,c
D75R48,238,31,2,c,c
D75R48,238,31,3,c,c
D75R48,238,31,4,c,c
D75R48,238,31,5,c,c
D75R48,238,31,6,c,c
D75R48,238,31,7,c,c
D75R48,238,31,8,c,c
D75R48,238,31,9,c,c
D75R48,238,31,10,c,c
D75R48,238,31,11,c,c
D75R48,238,31,12,c,c
D75R48,238,31,13,c,c
D75R48,238,31,14,c,c
D75R48,238,31,15,c,c
D75R48,238,31,16,c,c
D75R48,238,32,1,c,c
D75R48,238,32,2,c,c
D75R48,238,32,3,c,c
D75R48,238,32,4,c,c
D75R48,238,32,5,c,c
D75R48,238,33,1,c,c
D75R48,238,34,1,c,c
D75R48,238,34,2,c,c
D75R48,238,35,1,c,c
D75R48,238,35,2,c,c
D75R48,238,35,3,c,c
D75R48,238,35,4,c,c
D75R48,238,35,5,c,c
D75R48,238,35,6,c,c
D75R48,238,35,7,c,c
D75R48,238,35,8,c,c
D75R48,238,35,9,c,c
D75R48,239,20,1,c,c
D75R48,239,20,2,c,d
D75R48,239,20,3,d,d
D75R48,239,20,4,d,c
D75R48,239,20,5,c,c
D75R48,239,21,1,c,c
D75R48,239,21,2,c,c
D75R48,239,22,1,c,c
D75R48,239,22,2,c,c
D75R48,239,22,3,c,c
D75R48,239,23,1,c,c
D75R48,239,23,2,c,c
D75R48,239,24,1,c,c
D75R48,239,25,1,c,c
D75R48,239,25,2,c,c
D75R48,239,25,3,c,c
D75R48,239,25,4,c,c
D75R48,239,25,5,c,c
D75R48,239,25,6,c,c
D75R48,239,26,1,c,c
D75R48,239,26,2,c,c
D75R48,239,26,3,c,c
D75R48,239,26,4,c,c
D75R48,239,27,1,c,c
D75R48,239,28,1,c,c
D75R48,239,28,2,c,c
D75R48,239,28,3,c,c
D75R48,239,28,4,c,c
D75R48,239,29,1,c,c
D75R48,239,29,2,c,c
D75R48,239,29,3,c,d
D75R48,239,29,4,d,c
D75R48,239,29,5,c,c
D75R48,239,29,6,c,c
D75R48,239,29,7,c,c
D75R48,239,29,8,c,c
D75R48,239,29,9,c,c
D75R48,239,29,10,c,c
D75R48,239,29,11,c,c
D75R48,240,20,1,c,d
D75R48,240,20,2,d,c
D75R48,240,20,3,c,c
D75R48,240,20,4,c,c
D75R48,240,20,5,c,c
D75R48,240,21,1,c,c
D75R48,240,21,2,c,c
D75R48,240,22,1,c,c
D75R48,240,22,2,c,c
D75R48,240,22,3,c,c
D75R48,240,23,1,c,c
D75R48,240,23,2,c,c
D75R48,240,24,1,c,c
D75R48,240,25,1,c,c
D75R48,240,25,2,c,c
D75R48,240,25,3,c,c
D75R48,240,25,4,c,c
D75R48,240,25,5,c,c
D75R48,240,25,6,c,c
D75R48,240,26,1,c,c
D75R48,240,26,2,c,c
D75R48,240,26,3,c,c
D75R48,240,26,4,c,c
D75R48,240,27,1,c,c
D75R48,240,28,1,c,c
D75R48,240,28,2,c,c
D75R48,240,28,3,c,d
D75R48,240,28,4,d,c
D75R48,240,29,1,c,d
D75R48,240,29,2,d,c
D75R48,240,29,3,c,c
D75R48,240,29,4,c,c
D75R48,240,29,5,c,c
D75R48,240,29,6,c,c
D75R48,240,29,7,c,c
D75R48,240,29,8,c,c
D75R48,240,29,9,c,d
D75R48,240,29,10,d,c
D75R48,240,29,11,c,c
D75R48,241,20,1,c,c
D75R48,241,20,2,c,c
D75R48,241,20,3,c,c
D75R48,241,20,4,c,c
D75R48,241,20,5,c,d
D75R48,241,21,1,c,c
D75R48,241,21,2,c,c
D75R48,241,22,1,c,c
D75R48,241,22,2,c,c
D75R48,241,22,3,c,c
D75R48,241,23,1,c,c
D75R48,241,23,2,c,d
D75R48,241,24,1,c,c
D75R48,241,25,1,c,c
D75R48,241,25,2,c,c
D75R48,241,25,3,c,c
D75R48,241,25,4,c,c
D75R48,241,25,5,c,c
D75R48,241,25,6,c,c
D75R48,241,26,1,c,c
D75R48,241,26,2,c,c
D75R48,241,26,3,c,c
D75R48,241,26,4,c,c
D75R48,241,27,1,c,c
D75R48,241,28,1,c,c
D75R48,241,28,2,c,d
D75R48,241,28,3,d,d
D75R48,241,28,4,d,d
D75R48,241,29,1,c,c
D75R48,241,29,2,c,c
D75R48,241,29,3,c,c
D75R48,241,29,4,c,c
D75R48,241,29,5,c,c
D75R48,241,29,6,c,c
D75R48,241,29,7,c,c
D75R48,241,29,8,c,c
D75R48,241,29,9,c,c
D75R48,241,29,10,c,c
D75R48,241,29,11,c,c
D75R48,242,20,1,c,c
D75R48,242,20,2,c,c
D75R48,242,20,3,c,c
D75R48,242,20,4,c,c
D75R48,242,20,5,c,c
D75R48,242,21,1,c,c
D75R48,242,21,2,c,c
D75R48,242,22,1,c,c
D75R48,242,22,2,c,c
D75R48,242,22,3,c,c
D75R48,242,23,1,c,c
D75R48,242,23,2,c,c
D75R48,242,24,1,c,c
D75R48,242,25,1,c,c
D75R48,242,25,2,c,c
D75R48,242,25,3,c,c
D75R48,242,25,4,c,c
D75R48,242,25,5,c,c
D75R48,242,25,6,c,c
D75R48,242,26,1,c,c
D75R48,242,26,2,c,c
D75R48,242,26,3,c,c
D75R48,242,26,4,c,c
D75R48,242,27,1,c,c
D75R48,242,28,1,c,c
D75R48,242,28,2,c,c
D75R48,242,28,3,c,c
D75R48,242,28,4,c,c
D75R48,242,29,1,c,c
D75R48,242,29,2,c,c
D75R48,242,29,3,c,c
D75R48,242,29,4,c,c
D75R48,242,29,5,c,c
D75R48,242,29,6,c,c
D75R48,242,29,7,c,c
D75R48,242,29,8,c,c
D75R48,242,29,9,c,c
D75R48,242,29,10,c,c
D75R48,242,29,11,c,c
D75R48,243,20,1,c,c
D75R48,243,20,2,c,c
D75R48,243,20,3,c,c
D75R48,243,20,4,c,c
D75R48,243,20,5,c,c
D75R48,243,21,1,c,d
D75R48,243,21,2,d,c
D75R48,243,22,1,c,c
D75R48,243,22,2,c,c
D75R48,243,22,3,c,c
D75R48,243,23,1,c,c
D75R48,243,23,2,c,c
D75R48,243,24,1,c,c
D75R48,243,25,1,c,d
D75R48,243,25,2,d,d
D75R48,243,25,3,d,d
D75R48,243,25,4,d,c
D75R48,243,25,5,d,c
D75R48,243,25,6,d,c
D75R48,243,26,1,c,c
D75R48,243,26,2,c,c
D75R48,243,26,3,c,c
D75R48,243,26,4,c,c
D75R48,243,27,1,c,c
D75R48,243,28,1,c,c
D75R48,243,28,2,c,c
D75R48,243,28,3,c,c
D75R48,243,28,4,c,c
D75R48,243,29,1,c,c
D75R48,243,29,2,c,c
D75R48,243,29,3,c,c
D75R48,243,29,4,c,c
D75R48,243,29,5,c,c
D75R48,243,29,6,c,d
D75R48,243,29,7,d,c
D75R48,243,29,8,d,c
D75R48,243,29,9,c,c
D75R48,243,29,10,c,d
D75R48,243,29,11,d,d
D75R48,244,20,1,c,c
D75R48,244,20,2,c,c
D75R48,244,20,3,c,c
D75R48,244,20,4,c,c
D75R48,244,20,5,d,c
D75R48,244,21,1,c,c
D75R48,244,21,2,c,c
D75R48,244,22,1,c,c
D75R48,244,22,2,c,c
D75R48,244,22,3,c,c
D75R48,244,23,1,c,c
D75R48,244,23,2,c,c
D75R48,244,24,1,c,c
D75R48,244,25,1,c,c
D75R48,244,25,2,c,c
D75R48,244,25,3,c,c
D75R48,244,25,4,c,c
D75R48,244,25,5,c,c
D75R48,244,25,6,c,c
D75R48,244,26,1,c,c
D75R48,244,26,2,c,c
D75R48,244,26,3,c,c
D75R48,244,26,4,c,c
D75R48,244,27,1,c,c
D75R48,244,28,1,c,c
D75R48,244,28,2,c,c
D75R48,244,28,3,c,c
D75R48,244,28,4,c,c
D75R48,244,29,1,c,c
D75R48,244,29,2,c,c
D75R48,244,29,3,c,c
D75R48,244,29,4,c,c
D75R48,244,29,5,c,c
D75R48,244,29,6,c,c
D75R48,244,29,7,c,c
D75R48,244,29,8,c,c
D75R48,244,29,9,c,c
D75R48,244,29,10,c,c
D75R48,244,29,11,c,c
D75R48,245,20,1,d,c
D75R48,245,20,2,c,d
D75R48,245,20,3,c,c
D75R48,245,20,4,c,c
D75R48,245,20,5,c,c
D75R48,245,21,1,d,c
D75R48,245,21,2,c,d
D75R48,245,22,1,c,c
D75R48,245,22,2,c,c
D75R48,245,22,3,d,c
D75R48,245,23,1,c,c
D75R48,245,23,2,d,c
D75R48,245,24,1,c,c
D75R48,245,25,1,c,d
D75R48,245,25,2,d,d
D75R48,245,25,3,d,c
D75R48,245,25,4,c,c
D75R48,245,25,5,c,c
D75R48,245,25,6,c,c
D75R48,245,26,1,c,d
D75R48,245,26,2,d,c
D75R48,245,26,3,c,c
D75R48,245,26,4,c,c
D75R48,245,27,1,c,c
D75R48,245,28,1,c,c
D75R48,245,28,2,c,c
D75R48,245,28,3,c,c
D75R48,245,28,4,c,c
D75R48,245,29,1,c,c
D75R48,245,29,2,c,c
D75R48,245,29,3,d,c
D75R48,245,29,4,c,d
D75R48,245,29,5,c,c
D75R48,245,29,6,c,c
D75R48,245,29,7,c,c
D75R48,245,29,8,c,c
D75R48,245,29,9,c,c
D75R48,245,29,10,c,c
D75R48,245,29,11,c,c
D75R48,246,20,1,c,c
D75R48,246,20,2,c,c
D75R48,246,20,3,c,c
D75R48,246,20,4,c,c
D75R48,246,20,5,c,c
D75R48,246,21,1,c,c
D75R48,246,21,2,c,c
D75R48,246,22,1,c,c
D75R48,246,22,2,c,c
D75R48,246,22,3,c,c
D75R48,246,23,1,c,c
D75R48,246,23,2,c,c
D75R48,246,24,1,c,c
D75R48,246,25,1,c,c
D75R48,246,25,2,c,c
D75R48,246,25,3,c,c
D75R48,246,25,4,c,c
D75R48,246,25,5,c,c
D75R48,246,25,6,c,d
D75R48,246,26,1,c,c
D75R48,246,26,2,c,c
D75R48,246,26,3,c,c
D75R48,246,26,4,c,c
D75R48,246,27,1,c,c
D75R48,246,28,1,c,c
D75R48,246,28,2,c,c
D75R48,246,28,3,c,c
D75R48,246,28,4,c,c
D75R48,246,29,1,c,c
D75R48,246,29,2,c,c
D75R48,246,29,3,c,c
D75R48,246,29,4,c,c
D75R48,246,29,5,c,c
D75R48,246,29,6,c,c
D75R48,246,29,7,c,c
D75R48,246,29,8,c,c
D75R48,246,29,9,c,c
D75R48,246,29,10,c,c
D75R48,246,29,11,c,c
D75R48,247,20,1,c,c
D75R48,247,20,2,d,c
D75R48,247,20,3,d,d
D75R48,247,20,4,c,d
D75R48,247,20,5,c,c
D75R48,247,21,1,c,c
D75R48,247,21,2,c,c
D75R48,247,22,1,c,c
D75R48,247,22,2,c,c
D75R48,247,22,3,c,d
D75R48,247,23,1,d,c
D75R48,247,23,2,d,c
D75R48,247,24,1,c,c
D75R48,247,25,1,d,c
D75R48,247,25,2,d,d
D75R48,247,25,3,d,d
D75R48,247,25,4,c,d
D75R48,247,25,5,c,d
D75R48,247,25,6,c,d
D75R48,247,26,1,d,c
D75R48,247,26,2,c,d
D75R48,247,26,3,c,c
D75R48,247,26,4,c,c
D75R48,247,27,1,c,c
D75R48,247,28,1,c,c
D75R48,247,28,2,d,c
D75R48,247,28,3,d,d
D75R48,247,28,4,d,d
D75R48,247,29,1,c,c
D75R48,247,29,2,c,c
D75R48,247,29,3,c,c
D75R48,247,29,4,c,c
D75R48,247,29,5,c,c
D75R48,247,29,6,d,c
D75R48,247,29,7,c,d
D75R48,247,29,8,c,d
D75R48,247,29,9,c,c
D75R48,247,29,10,d,c
D75R48,247,29,11,d,d
D75R48,248,20,1,c,c
D75R48,248,20,2,c,c
D75R48,248,20,3,c,c
D75R48,248,20,4,c,d
D75R48,248,20,5,d,d
D75R48,248,21,1,c,c
D75R48,248,21,2,c,c
D75R48,248,22,1,c,c
D75R48,248,22,2,c,c
D75R48,248,22,3,c,c
D75R48,248,23,1,c,c
D75R48,248,23,2,c,c
D75R48,248,24,1,c,c
D75R48,248,25,1,c,c
D75R48,248,25,2,c,c
D75R48,248,25,3,c,c
D75R48,248,25,4,c,c
D75R48,248,25,5,c,c
D75R48,248,25,6,d,c
D75R48,248,26,1,c,c
D75R48,248,26,2,c,c
D75R48,248,26,3,c,c
D75R48,248,26,4,c,c
D75R48,248,27,1,c,d
D75R48,248,28,1,c,c
D75R48,248,28,2,c,c
D75R48,248,28,3,c,c
D75R48,248,28,4,c,c
D75R48,248,29,1,c,c
D75R48,248,29,2,c,c
D75R48,248,29,3,c,c
D75R48,248,29,4,c,c
D75R48,248,29,5,c,c
D75R48,248,29,6,c,c
D75R48,248,29,7,c,c
D75R48,248,29,8,c,c
D75R48,248,29,9,c,c
D75R48,248,29,10,c,c
D75R48,248,29,11,c,c
D75R48,249,20,1,c,c
D75R48,249,20,2,c,c
D75R48,249,20,3,c,c
D75R48,249,20,4,c,c
D75R48,249,20,5,c,c
D75R48,249,21,1,c,c
D75R48,249,21,2,c,c
D75R48,249,22,1,c,c
D75R48,249,22,2,c,c
D75R48,249,22,3,c,c
D75R48,249,23,1,c,d
D75R48,249,23,2,c,d
D75R48,249,24,1,c,c
D75R48,249,25,1,d,c
D75R48,249,25,2,d,d
D75R48,249,25,3,c,d
D75R48,249,25,4,c,c
D75R48,249,25,5,c,c
D75R48,249,25,6,c,c
D75R48,249,26,1,c,c
D75R48,249,26,2,c,c
D75R48,249,26,3,c,c
D75R48,249,26,4,c,c
D75R48,249,27,1,d,c
D75R48,249,28,1,c,c
D75R48,249,28,2,c,c
D75R48,249,28,3,d,c
D75R48,249,28,4,c,d
D75R48,249,29,1,d,c
D75R48,249,29,2,c,d
D75R48,249,29,3,c,c
D75R48,249,29,4,c,c
D75R48,249,29,5,c,c
D75R48,249,29,6,c,c
D75R48,249,29,7,c,c
D75R48,249,29,8,c,c
D75R48,249,29,9,d,c
D75R48,249,29,10,c,d
D75R48,249,29,11,c,c
D75R48,250,20,1,c,c
D75R48,250,20,2,c,c
D75R48,250,20,3,c,c
D75R48,250,20,4,d,c
D75R48,250,20,5,d,d
D75R48,250,21,1,c,c
D75R48,250,21,2,c,c
D75R48,250,22,1,c,c
D75R48,250,22,2,c,c
D75R48,250,22,3,c,c
D75R48,250,23,1,c,c
D75R48,250,23,2,c,c
D75R48,250,24,1,c,c
D75R48,250,25,1,c,c
D75R48,250,25,2,c,c
D75R48,250,25,3,c,c
D75R48,250,25,4,c,c
D75R48,250,25,5,c,c
D75R48,250,25,6,c,c
D75R48,250,26,1,c,c
D75R48,250,26,2,c,c
D75R48,250,26,3,c,c
D75R48,250,26,4,c,c
D75R48,250,27,1,c,c
D75R48,250,28,1,c,c
D75R48,250,28,2,c,c
D75R48,250,28,3,c,c
D75R48,250,28,4,c,c
D75R48,250,29,1,c,c
D75R48,250,29,2,c,c
D75R48,250,29,3,c,c
D75R48,250,29,4,c,c
D75R48,250,29,5,c,c
D75R48,250,29,6,c,c
D75R48,250,29,7,c,c
D75R48,250,29,8,c,c
D75R48,250,29,9,c,c
D75R48,250,29,10,c,c
D75R48,250,29,11,c,c
D75R48,251,26,1,c,c
D75R48,251,26,2,c,c
D75R48,251,26,3,c,c
D75R48,251,27,1,c,c
D75R48,251,27,2,c,c
D75R48,251,27,3,c,c
D75R48,251,28,1,c,c
D75R48,251,29,1,c,c
D75R48,251,29,2,c,c
D75R48,251,29,3,c,c
D75R48,251,29,4,c,c
D75R48,251,30,1,c,c
D75R48,251,31,1,c,c
D75R48,251,31,2,c,c
D75R48,251,31,3,c,c
D75R48,251,31,4,c,c
D75R48,251,31,5,c,c
D75R48,251,32,1,c,c
D75R48,252,26,1,c,c
D75R48,252,26,2,c,c
D75R48,252,26,3,c,c
D75R48,252,27,1,c,c
D75R48,252,27,2,c,c
D75R48,252,27,3,c,c
D75R48,252,28,1,c,c
D75R48,252,29,1,c,c
D75R48,252,29,2,c,d
D75R48,252,29,3,d,c
D75R48,252,29,4,c,d
D75R48,252,30,1,c,c
D75R48,252,31,1,c,d
D75R48,252,31,2,d,d
D75R48,252,31,3,d,d
D75R48,252,31,4,d,d
D75R48,252,31,5,d,c
D75R48,252,32,1,c,c
D75R48,253,26,1,c,c
D75R48,253,26,2,c,c
D75R48,253,26,3,c,c
D75R48,253,27,1,c,c
D75R48,253,27,2,c,c
D75R48,253,27,3,c,c
D75R48,253,28,1,c,c
D75R48,253,29,1,c,c
D75R48,253,29,2,c,c
D75R48,253,29,3,c,c
D75R48,253,29,4,c,c
D75R48,253,30,1,c,c
D75R48,253,31,1,c,c
D75R48,253,31,2,c,c
D75R48,253,31,3,c,c
D75R48,253,31,4,c,c
D75R48,253,31,5,c,c
D75R48,253,32,1,c,c
D75R48,254,26,1,c,c
D75R48,254,26,2,c,c
D75R48,254,26,3,c,c
D75R48,254,27,1,c,c
D75R48,254,27,2,c,c
D75R48,254,27,3,c,c
D75R48,254,28,1,c,c
D75R48,254,29,1,c,c
D75R48,254,29,2,c,c
D75R48,254,29,3,c,c
D75R48,254,29,4,c,c
D75R48,254,30,1,c,c
D75R48,254,31,1,c,c
D75R48,254,31,2,c,c
D75R48,254,31,3,c,c
D75R48,254,31,4,c,c
D75R48,254,31,5,c,c
D75R48,254,32,1,c,c
D75R48,255,26,1,c,c
D75R48,255,26,2,c,c
D75R48,255,26,3,c,c
D75R48,255,27,1,c,c
D75R48,255,27,2,c,c
D75R48,255,27,3,c,c
D75R48,255,28,1,c,c
D75R48,255,29,1,c,c
D75R48,255,29,2,c,c
D75R48,255,29,3,c,c
D75R48,255,29,4,c,c
D75R48,255,30,1,c,c
D75R48,255,31,1,c,c
D75R48,255,31,2,c,c
D75R48,255,31,3,c,c
D75R48,255,31,4,c,c
D75R48,255,31,5,c,c
D75R48,255,32,1,c,c
D75R48,256,26,1,c,c
D75R48,256,26,2,c,c
D75R48,256,26,3,c,c
D75R48,256,27,1,c,c
D75R48,256,27,2,c,c
D75R48,256,27,3,c,c
D75R48,256,28,1,c,c
D75R48,256,29,1,c,c
D75R48,256,29,2,c,c
D75R48,256,29,3,c,c
D75R48,256,29,4,c,c
D75R48,256,30,1,c,c
D75R48,256,31,1,c,c
D75R48,256,31,2,c,c
D75R48,256,31,3,c,d
D75R48,256,31,4,d,d
D75R48,256,31,5,d,d
D75R48,256,32,1,c,c
D75R48,257,26,1,c,c
D75R48,257,26,2,c,c
D75R48,257,26,3,c,c
D75R48,257,27,1,c,c
D75R48,257,27,2,c,c
D75R48,257,27,3,c,c
D75R48,257,28,1,c,c
D75R48,257,29,1,c,c
D75R48,257,29,2,d,c
D75R48,257,29,3,c,d
D75R48,257,29,4,d,c
D75R48,257,30,1,c,c
D75R48,257,31,1,c,c
D75R48,257,31,2,c,c
D75R48,257,31,3,c,c
D75R48,257,31,4,c,c
D75R48,257,31,5,c,c
D75R48,257,32,1,c,c
D75R48,258,26,1,c,c
D75R48,258,26,2,c,c
D75R48,258,26,3,c,c
D75R48,258,27,1,c,c
D75R48,258,27,2,c,c
D75R48,258,27,3,c,c
D75R48,258,28,1,c,c
D75R48,258,29,1,c,c
D75R48,258,29,2,c,c
D75R48,258,29,3,c,c
D75R48,258,29,4,c,c
D75R48,258,30,1,c,c
D75R48,258,31,1,d,c
D75R48,258,31,2,d,d
D75R48,258,31,3,d,d
D75R48,258,31,4,d,d
D75R48,258,31,5,c,d
D75R48,258,32,1,c,c
D75R48,259,26,1,c,c
D75R48,259,26,2,c,c
D75R48,259,26,3,c,c
D75R48,259,27,1,c,c
D75R48,259,27,2,c,c
D75R48,259,27,3,c,c
D75R48,259,28,1,c,c
D75R48,259,29,1,c,c
D75R48,259,29,2,c,c
D75R48,259,29,3,c,c
D75R48,259,29,4,c,c
D75R48,259,30,1,c,c
D75R48,259,31,1,c,c
D75R48,259,31,2,c,c
D75R48,259,31,3,c,c
D75R48,259,31,4,c,c
D75R48,259,31,5,c,c
D75R48,259,32,1,c,c
D75R48,260,26,1,c,c
D75R48,260,26,2,c,c
D75R48,260,26,3,c,c
D75R48,260,27,1,c,c
D75R48,260,27,2,c,c
D75R48,260,27,3,c,c
D75R48,260,28,1,c,c
D75R48,260,29,1,c,c
D75R48,260,29,2,c,c
D75R48,260,29,3,c,c
D75R48,260,29,4,c,c
D75R48,260,30,1,c,c
D75R48,260,31,1,c,c
D75R48,260,31,2,c,c
D75R48,260,31,3,c,c
D75R48,260,31,4,c,c
D75R48,260,31,5,c,c
D75R48,260,32,1,c,c
D75R48,261,26,1,c,c
D75R48,261,26,2,c,c
D75R48,261,26,3,c,c
D75R48,261,27,1,c,c
D75R48,261,27,2,c,c
D75R48,261,27,3,c,c
D75R48,261,28,1,c,c
D75R48,261,29,1,c,c
D75R48,261,29,2,c,c
D75R48,261,29,3,c,c
D75R48,261,29,4,c,c
D75R48,261,30,1,c,c
D75R48,261,31,1,c,c
D75R48,261,31,2,c,c
D75R48,261,31,3,c,c
D75R48,261,31,4,c,c
D75R48,261,31,5,c,c
D75R48,261,32,1,c,c
D75R48,262,26,1,c,c
D75R48,262,26,2,c,c
D75R48,262,26,3,c,c
D75R48,262,27,1,c,c
D75R48,262,27,2,c,c
D75R48,262,27,3,c,c
D75R48,262,28,1,c,c
D75R48,262,29,1,c,c
D75R48,262,29,2,c,c
D75R48,262,29,3,c,c
D75R48,262,29,4,c,c
D75R48,262,30,1,c,c
D75R48,262,31,1,c,c
D75R48,262,31,2,c,c
D75R48,262,31,3,c,c
D75R48,262,31,4,c,c
D75R48,262,31,5,c,c
D75R48,262,32,1,c,c
D75R48,263,26,1,c,c
D75R48,263,26,2,c,c
D75R48,263,26,3,c,c
D75R48,263,27,1,c,c
D75R48,263,27,2,c,c
D75R48,263,27,3,c,c
D75R48,263,28,1,c,c
D75R48,263,29,1,c,c
D75R48,263,29,2,c,c
D75R48,263,29,3,c,c
D75R48,263,29,4,c,c
D75R48,263,30,1,c,c
D75R48,263,31,1,c,c
D75R48,263,31,2,c,c
D75R48,263,31,3,d,c
D75R48,263,31,4,d,d
D75R48,263,31,5,d,d
D75R48,263,32,1,c,c
D75R48,264,26,1,c,c
D75R48,264,26,2,c,c
D75R48,264,26,3,c,c
D75R48,264,27,1,c,c
D75R48,264,27,2,c,c
D75R48,264,27,3,c,c
D75R48,264,28,1,c,c
D75R48,264,29,1,c,c
D75R48,264,29,2,c,c
D75R48,264,29,3,c,c
D75R48,264,29,4,c,c
D75R48,264,30,1,c,c
D75R48,264,31,1,c,c
D75R48,264,31,2,c,c
D75R48,264,31,3,c,c
D75R48,264,31,4,c,c
D75R48,264,31,5,c,c
D75R48,264,32,1,c,c
D75R48,265,26,1,c,c
D75R48,265,26,2,c,c
D75R48,265,26,3,c,c
D75R48,265,27,1,c,c
D75R48,265,27,2,c,c
D75R48,265,27,3,c,c
D75R48,265,28,1,c,c
D75R48,265,29,1,c,c
D75R48,265,29,2,c,c
D75R48,265,29,3,c,c
D75R48,265,29,4,c,c
D75R48,265,30,1,c,c
D75R48,265,31,1,c,c
D75R48,265,31,2,c,c
D75R48,265,31,3,c,c
D75R48,265,31,4,c,c
D75R48,265,31,5,c,c
D75R48,265,32,1,c,c
D75R48,266,26,1,c,c
D75R48,266,26,2,c,c
D75R48,266,26,3,c,c
D75R48,266,27,1,c,c
D75R48,266,27,2,c,c
D75R48,266,27,3,c,c
D75R48,266,28,1,c,c
D75R48,266,29,1,c,c
D75R48,266,29,2,c,c
D75R48,266,29,3,c,c
D75R48,266,29,4,c,c
D75R48,266,30,1,c,c
D75R48,266,31,1,c,c
D75R48,266,31,2,c,c
D75R48,266,31,3,c,c
D75R48,266,31,4,c,c
D75R48,266,31,5,c,c
D75R48,266,32,1,c,c
